Workbook
Name ACT_QTR_00_01: #REF!
Name ACT_QTR_00_01: #REF!

Sheet PT_IMPORT_VALRS_H
E3: Petroleum Planning & Analysis Cell
A5: Period : 1998-99 - 2022-23
A6: ('Rs. Crore)
A7: Import/Export of Crude oil and Petroleum Products
A8: IMPORT/EXPORT | B8: 1998-99 | C8: 1999-2000 | D8: 2000-01 | E8: 2001-02 | F8: 2002-03 | G8: 2003-04 | H8: 2004-05 | I8: 2005-06 | J8: 2006-07 | K8: 2007-08 | L8: 2008-09 | M8: 2009-10 | N8: 2010-11 | O8: 2011-12 | P8: 2012-13 | Q8: 2013-14 | R8: 2014-15 | S8: 2015-16 | T8: =+'PT_Import_Val_2016-17 '!C5 -> 2016-17 | U8: ='PT_Import_Val_2017-18'!C5 -> 2017-18 | V8: 2018-19 | W8: 2019-20 | X8: 2020-21 | Y8: 2021-22 | Z8: 2022-23
A9: IMPORT^
A10: CRUDE OIL$ | B10: 14917 | C10: 40028 | D10: 65932 | E10: 60397 | F10: 76195 | G10: 83528 | H10: 117003 | I10: 171702 | J10: 219029 | K10: 272699 | L10: 348304 | M10: 375277 | N10: 455276.3 | O10: =+'PT_IMPORT_VALRS_H 2011-12'!N11 -> 672219.84 | P10: =+'PT_IMPORT_VALRS_H 2012-13 '!N11 -> 784652.28 | Q10: =+'PT_IMPORT_VALRS_H_2013-14'!N11 -> 864874.78 | R10: =+'PT_IMPORT_VALRS_H_2014-15'!N11 -> 687416.17 | S10: =+'PT_IMPORT_VALRS_H_2015-16'!N11 -> 416578.84 | T10: =+'PT_Import_Val_2016-17 '!P10 -> 470159.32 | U10: ='PT_Import_Val_2017-18'!P10 -> 566450.15 | V10: ='PT_Import_Val_2018-19'!N11 -> 783182.85 | W10: ='PT_Import_Val_2019-20'!N11 -> 717000.98 | X10: ='PT_Import_Val_2020-21'!N11 -> 459778.57 | Y10: ='PT_Import_Val_2021-22'!N11 -> 901262.19 | Z10: ='PT_Import_Val_2022-23'!N11 -> 1260371.8
A11: PRODUCT
A12: LPG | B12: 1273 | C12: 1801 | D12: 1332 | E12: 810 | F12: 1867 | G12: 2558 | H12: 4413 | I12: 7042 | J12: 5766 | K12: 8700 | L12: 8072 | M12: 8328.8218 | N12: 15888.161 | O12: =+'PT_IMPORT_VALRS_H 2011-12'!N13 -> 27018.53 | P12: =+'PT_IMPORT_VALRS_H 2012-13 '!N13 -> 31674.188 | Q12: =+'PT_IMPORT_VALRS_H_2013-14'!N13 -> 37213.088 | R12: =+'PT_IMPORT_VALRS_H_2014-15'!N13 -> 36570.547 | S12: =+'PT_IMPORT_VALRS_H_2015-16'!N13 -> 25777.839 | T12: =+'PT_Import_Val_2016-17 '!P12 -> 32124.419 | U12: ='PT_Import_Val_2017-18'!P12 -> 37875.197 | V12: ='PT_Import_Val_2018-19'!N13 -> 49939.043 | W12: ='PT_Import_Val_2019-20'!N13 -> 50347.453 | X12: ='PT_Import_Val_2020-21'!N13 -> 53752.459 | Y12: ='PT_Import_Val_2021-22'!N13 -> 91468.398 | Z12: ='PT_Import_Val_2022-23'!N13 -> 107191.17
A13: MS | B13: 191 | C13: 0 | D13: 0 | E13: 0 | F13: 0 | G13: 0 | H13: 501 | I13: 1286 | J13: 1326 | K13: 1137 | L13: 1553 | M13: 1264.0711 | N13: 6426.604 | O13: =+'PT_IMPORT_VALRS_H 2011-12'!N14 -> 3311.4823 | P13: =+'PT_IMPORT_VALRS_H 2012-13 '!N14 -> 890.51099 | Q13: =+'PT_IMPORT_VALRS_H_2013-14'!N14 -> 1481.0118 | R13: =+'PT_IMPORT_VALRS_H_2014-15'!N14 -> 2301.1519 | S13: =+'PT_IMPORT_VALRS_H_2015-16'!N14 -> 4207.4428 | T13: =+'PT_Import_Val_2016-17 '!P13 -> 1617.1461 | U13: ='PT_Import_Val_2017-18'!P13 -> 581.49809 | V13: ='PT_Import_Val_2018-19'!N14 -> 3103.9306 | W13: ='PT_Import_Val_2019-20'!N14 -> 9610.0367 | X13: ='PT_Import_Val_2020-21'!N14 -> 4949.6252 | Y13: ='PT_Import_Val_2021-22'!N14 -> 3894.803 | Z13: ='PT_Import_Val_2022-23'!N14 -> 8846.4554
A14: Naphtha | B14: 1336 | C14: 1965 | D14: 4106 | E14: 3477 | F14: 3551 | G14: 2884 | H14: 4029 | I14: 5400 | J14: 14277 | K14: 18470 | L14: 17409 | M14: 4942.2384 | N14: 6852.984 | O14: =+'PT_IMPORT_VALRS_H 2011-12'!N15 -> 9827.4364 | P14: =+'PT_IMPORT_VALRS_H 2012-13 '!N15 -> 9272.1133 | Q14: =+'PT_IMPORT_VALRS_H_2013-14'!N15 -> 6044.0835 | R14: =+'PT_IMPORT_VALRS_H_2014-15'!N15 -> 4592.0392 | S14: =+'PT_IMPORT_VALRS_H_2015-16'!N15 -> 9580.6031 | T14: =+'PT_Import_Val_2016-17 '!P14 -> 8373.9485 | U14: ='PT_Import_Val_2017-18'!P14 -> 8161.2125 | V14: ='PT_Import_Val_2018-19'!N15 -> 9665.3772 | W14: ='PT_Import_Val_2019-20'!N15 -> 6677.7277 | X14: ='PT_Import_Val_2020-21'!N15 -> 3844.0436 | Y14: ='PT_Import_Val_2021-22'!N15 -> 1498.7955 | Z14: ='PT_Import_Val_2022-23'!N15 -> 4781.3313
A15: ATF | B15: 0 | C15: 0 | D15: 0 | E15: 0 | F15: 0 | G15: 0 | H15: 0 | I15: 0 | J15: 0 | K15: 0 | L15: 0 | N15: 0 | O15: 0 | P15: 0 | Q15: 0 | R15: =+'PT_IMPORT_VALRS_H_2014-15'!N16 -> 706.08128 | S15: =+'PT_IMPORT_VALRS_H_2015-16'!N16 -> 888.80449 | T15: =+'PT_Import_Val_2016-17 '!P15 -> 1108.9512 | U15: ='PT_Import_Val_2017-18'!P15 -> 1159.3122 | V15: ='PT_Import_Val_2018-19'!N16 -> 1392.4629 | W15: ='PT_Import_Val_2019-20'!N16 -> 308.65469 | X15: ='PT_Import_Val_2020-21'!N16 -> 0.0086963 | Y15: ='PT_Import_Val_2021-22'!N16 -> 0 | Z15: ='PT_Import_Val_2022-23'!N16 -> 0.0013425
A16: SKO | B16: 3912 | C16: 5544 | D16: 2386 | E16: 388 | F16: 808 | G16: 890 | H16: 429 | I16: 2617 | J16: 4250 | K16: 8324 | L16: 6583 | M16: 2908.8127 | N16: 4939.415 | O16: =+'PT_IMPORT_VALRS_H 2011-12'!N17 -> 2710.3582 | P16: =+'PT_IMPORT_VALRS_H 2012-13 '!N17 -> 0 | Q16: =+'PT_IMPORT_VALRS_H_2013-14'!N17 -> 0 | R16: =+'PT_IMPORT_VALRS_H_2014-15'!N17 -> 171.71028 | S16: =+'PT_IMPORT_VALRS_H_2015-16'!N17 -> 158.12073 | T16: =+'PT_Import_Val_2016-17 '!P16 -> 0 | U16: ='PT_Import_Val_2017-18'!P16 -> 0 | V16: ='PT_Import_Val_2018-19'!N17 -> 0 | W16: ='PT_Import_Val_2019-20'!N17 -> 0 | X16: ='PT_Import_Val_2020-21'!N17 -> 12.137498 | Y16: ='PT_Import_Val_2021-22'!N17 -> 0 | Z16: ='PT_Import_Val_2022-23'!N17 -> 0
A17: HSD | B17: 4808 | C17: 3713 | D17: 0 | E17: 28 | F17: 119 | G17: 116 | H17: 1604 | I17: 1902 | J17: 2670 | K17: 9212 | L17: 9774 | M17: 6389.7336 | N17: 6969.0024 | O17: =+'PT_IMPORT_VALRS_H 2011-12'!N18 -> 5039.2569 | P17: =+'PT_IMPORT_VALRS_H 2012-13 '!N18 -> 2770.9472 | Q17: =+'PT_IMPORT_VALRS_H_2013-14'!N18 -> 451.67562 | R17: =+'PT_IMPORT_VALRS_H_2014-15'!N18 -> 669.54916 | S17: =+'PT_IMPORT_VALRS_H_2015-16'!N18 -> 605.19438 | T17: =+'PT_Import_Val_2016-17 '!P17 -> 2958.8357 | U17: ='PT_Import_Val_2017-18'!P17 -> 4268.7572 | V17: ='PT_Import_Val_2018-19'!N18 -> 2485.7659 | W17: ='PT_Import_Val_2019-20'!N18 -> 11619.049 | X17: ='PT_Import_Val_2020-21'!N18 -> 1960.043 | Y17: ='PT_Import_Val_2021-22'!N18 -> 252.98604 | Z17: ='PT_Import_Val_2022-23'!N18 -> 3584.0415
A18: LOBS/ Lube oil | B18: 148 | C18: 294 | D18: 563 | E18: 588 | F18: 526 | G18: 982 | H18: 963 | I18: 2945 | J18: 3392 | K18: 3402 | L18: 4552 | M18: 3518.1888 | N18: 4093.3356 | O18: =+'PT_IMPORT_VALRS_H 2011-12'!N19 -> 8313.6318 | P18: =+'PT_IMPORT_VALRS_H 2012-13 '!N19 -> 11339.253 | Q18: =+'PT_IMPORT_VALRS_H_2013-14'!N19 -> 12984.519 | R18: =+'PT_IMPORT_VALRS_H_2014-15'!N19 -> 12701.527 | S18: =+'PT_IMPORT_VALRS_H_2015-16'!N19 -> 9477.6807 | T18: =+'PT_Import_Val_2016-17 '!P18 -> 8625.2845 | U18: ='PT_Import_Val_2017-18'!P18 -> 12074.64 | V18: ='PT_Import_Val_2018-19'!N19 -> 13349.247 | W18: ='PT_Import_Val_2019-20'!N19 -> 11868.744 | X18: ='PT_Import_Val_2020-21'!N19 -> 12170.253 | Y18: ='PT_Import_Val_2021-22'!N19 -> 19704.254 | Z18: ='PT_Import_Val_2022-23'!N19 -> 18449.368
A19: Fuel Oil | B19: 602 | C19: 865 | D19: 1309 | E19: 1466 | F19: 1959 | G19: 1550 | H19: 1704 | I19: 2999 | J19: 5174 | K19: 7485 | L19: 7729 | M19: 1935.4663 | N19: 2455.3674 | O19: =+'PT_IMPORT_VALRS_H 2011-12'!N20 -> 4392.1028 | P19: =+'PT_IMPORT_VALRS_H 2012-13 '!N20 -> 4217.73 | Q19: =+'PT_IMPORT_VALRS_H_2013-14'!N20 -> 5758.6986 | R19: =+'PT_IMPORT_VALRS_H_2014-15'!N20 -> 3658.9311 | S19: =+'PT_IMPORT_VALRS_H_2015-16'!N20 -> 2379.6118 | T19: =+'PT_Import_Val_2016-17 '!P19 -> 1847.7016 | U19: ='PT_Import_Val_2017-18'!P19 -> 3231.4544 | V19: ='PT_Import_Val_2018-19'!N20 -> 4781.8737 | W19: ='PT_Import_Val_2019-20'!N20 -> 11791.441 | X19: ='PT_Import_Val_2020-21'!N20 -> 14311.684 | Y19: ='PT_Import_Val_2021-22'!N20 -> 32814.782 | Z19: ='PT_Import_Val_2022-23'!N20 -> 33474.246
A20: Bitumen | B20: 0 | C20: 0 | D20: 0 | E20: 5 | F20: 0 | G20: 5 | H20: 17 | I20: 22 | J20: 19 | K20: 50 | L20: 207 | M20: 137.73758 | N20: 209.50424 | O20: =+'PT_IMPORT_VALRS_H 2011-12'!N21 -> 196.7816 | P20: =+'PT_IMPORT_VALRS_H 2012-13 '!N21 -> 272.11671 | Q20: =+'PT_IMPORT_VALRS_H_2013-14'!N21 -> 800.9603 | R20: =+'PT_IMPORT_VALRS_H_2014-15'!N21 -> 1623.1633 | S20: =+'PT_IMPORT_VALRS_H_2015-16'!N21 -> 1831.5235 | T20: =+'PT_Import_Val_2016-17 '!P20 -> 1638.1162 | U20: ='PT_Import_Val_2017-18'!P20 -> 1902.2741 | V20: ='PT_Import_Val_2018-19'!N21 -> 2149.4748 | W20: ='PT_Import_Val_2019-20'!N21 -> 3633.6413 | X20: ='PT_Import_Val_2020-21'!N21 -> 4325.214 | Y20: ='PT_Import_Val_2021-22'!N21 -> 7678.0227 | Z20: ='PT_Import_Val_2022-23'!N21 -> 9945.0763
A21: Others& | B21: 4 | C21: 4 | D21: 2397 | E21: 487 | F21: 17 | G21: 738 | H21: 1227 | I21: 3757 | J21: 4286 | K21: 4219 | L21: 5277 | M21: 4374.4749 | N21: 8163.9418 | O21: =+'PT_IMPORT_VALRS_H 2011-12'!N22 -> 7281.5423 | P21: =+'PT_IMPORT_VALRS_H 2012-13 '!N22 -> 8415.1961 | Q21: =+'PT_IMPORT_VALRS_H_2013-14'!N22 -> 11162.149 | R21: =+'PT_IMPORT_VALRS_H_2014-15'!N22 -> 11649.436 | S21: =+'PT_IMPORT_VALRS_H_2015-16'!N22 -> 10454.203 | T21: =+'PT_Import_Val_2016-17 '!P21 -> 13271.284 | U21: ='PT_Import_Val_2017-18'!P21 -> 19119.573 | V21: ='PT_Import_Val_2018-19'!N22 -> 26798.263 | W21: ='PT_Import_Val_2019-20'!N22 -> 19884.841 | X21: ='PT_Import_Val_2020-21'!N22+'PT_Import_Val_2020-21'!N23 -> 14104.198 | Y21: ='PT_Import_Val_2021-22'!N22+'PT_Import_Val_2021-22'!N23 -> 19522.736 | Z21: ='PT_Import_Val_2022-23'!N22+'PT_Import_Val_2022-23'!N23 -> 29582.301
A22: TOTAL PRODUCT IMPORT | B22: =SUM(B12:B21) -> 12274 | C22: =SUM(C12:C21) -> 14186 | D22: =SUM(D12:D21) -> 12093 | E22: =SUM(E12:E21) -> 7249 | F22: =SUM(F12:F21) -> 8847 | G22: =SUM(G12:G21) -> 9723 | H22: =SUM(H12:H21) -> 14887 | I22: =SUM(I12:I21) -> 27970 | ... Z22: =SUM(Z12:Z21) -> 215853.99
A24: TOTAL IMPORTS | B24: =+B10+B22 -> 27191 | C24: =+C10+C22 -> 54214 | D24: =+D10+D22 -> 78025 | E24: =+E10+E22 -> 67646 | F24: =+F10+F22 -> 85042 | G24: =+G10+G22 -> 93251 | H24: =+H10+H22 -> 131890 | I24: =+I10+I22 -> 199672 | ... Z24: =+Z10+Z22 -> 1476225.8
A26: PRODUCT EXPORT @
A27: LPG | B27: 0 | C27: 0 | D27: 0 | E27: 0 | F27: 0 | G27: 0 | H27: 306 | I27: 164 | J27: 342 | K27: 401 | L27: 456 | M27: 490.85 | N27: 693.3 | O27: =+'PT_IMPORT_VALRS_H 2011-12'!N26 -> 947.177 | P27: =+'PT_IMPORT_VALRS_H 2012-13 '!N26 -> 1294.03 | Q27: =+'PT_IMPORT_VALRS_H_2013-14'!N26 -> 1588.682 | R27: =+'PT_IMPORT_VALRS_H_2014-15'!N26 -> 1455.3213 | S27: =+'PT_IMPORT_VALRS_H_2015-16'!N26 -> 784.95 | T27: =+'PT_Import_Val_2016-17 '!P25 -> 1167.71 | U27: ='PT_Import_Val_2017-18'!P25 -> 1501.11 | V27: ='PT_Import_Val_2018-19'!N26 -> 1975.7371 | W27: ='PT_Import_Val_2019-20'!N26 -> 1970.4535 | X27: ='PT_Import_Val_2020-21'!N27 -> 1796.6654 | Y27: ='PT_Import_Val_2021-22'!N27 -> 3213.5824 | Z27: ='PT_Import_Val_2022-23'!N27 -> 3891.1622
A28: MS! | B28: 0 | C28: 139 | D28: 1442 | E28: 2570 | F28: 3011 | G28: 4021 | H28: 5625 | I28: 5843 | J28: 10191 | K28: 13614 | L28: 17810 | M28: 31203.411 | N28: 49480 | O28: =+'PT_IMPORT_VALRS_H 2011-12'!N27 -> 73981.818 | P28: =+'PT_IMPORT_VALRS_H 2012-13 '!N27 -> 95345.914 | Q28: =+'PT_IMPORT_VALRS_H_2013-14'!N27 -> 92977.32 | R28: =+'PT_IMPORT_VALRS_H_2014-15'!N27 -> 81971.029 | S28: =+'PT_IMPORT_VALRS_H_2015-16'!N27 -> 59575.392 | T28: =+'PT_Import_Val_2016-17 '!P26 -> 52919.542 | U28: ='PT_Import_Val_2017-18'!P26 -> 54580.02 | V28: ='PT_Import_Val_2018-19'!N27 -> 60418.809 | W28: ='PT_Import_Val_2019-20'!N27 -> 54511.864 | X28: ='PT_Import_Val_2020-21'!N28 -> 36529.618 | Y28: ='PT_Import_Val_2021-22'!N28 -> 81648.608 | Z28: ='PT_Import_Val_2022-23'!N28 -> 102799.61
A29: Naphtha | B29: 306 | C29: 520 | D29: 3273 | E29: 2300 | F29: 2325 | G29: 2653 | H29: 5030 | I29: 10787 | J29: 21431 | K29: 27365 | L29: 25055 | M29: 30317.999 | N29: 37138 | O29: =+'PT_IMPORT_VALRS_H 2011-12'!N28 -> 45619.746 | P29: =+'PT_IMPORT_VALRS_H 2012-13 '!N28 -> 43533.086 | Q29: =+'PT_IMPORT_VALRS_H_2013-14'!N28 -> 46059.171 | R29: =+'PT_IMPORT_VALRS_H_2014-15'!N28 -> 31618.999 | S29: =+'PT_IMPORT_VALRS_H_2015-16'!N28 -> 20056.51 | T29: =+'PT_Import_Val_2016-17 '!P27 -> 24615.901 | U29: ='PT_Import_Val_2017-18'!P27 -> 29074.807 | V29: ='PT_Import_Val_2018-19'!N28 -> 28893.121 | W29: ='PT_Import_Val_2019-20'!N28 -> 31508.549 | X29: ='PT_Import_Val_2020-21'!N29 -> 18642.821 | Y29: ='PT_Import_Val_2021-22'!N29 -> 37231.32 | Z29: ='PT_Import_Val_2022-23'!N29 -> 33356.575
A30: ATF# | B30: 0 | C30: 0 | D30: 174 | E30: 176 | F30: 790 | G30: 1950 | H30: 4448 | I30: 7077 | J30: 10254 | K30: 13555 | L30: 13498 | M30: 13331.226 | N30: 16140 | O30: =+'PT_IMPORT_VALRS_H 2011-12'!N29 -> 21856.645 | P30: =+'PT_IMPORT_VALRS_H 2012-13 '!N29 -> 25222.79 | Q30: =+'PT_IMPORT_VALRS_H_2013-14'!N29 -> 33246.309 | R30: =+'PT_IMPORT_VALRS_H_2014-15'!N29 -> 25412.905 | S30: =+'PT_IMPORT_VALRS_H_2015-16'!N29 -> 16007.081 | T30: =+'PT_Import_Val_2016-17 '!P28 -> 22294.138 | U30: ='PT_Import_Val_2017-18'!P28 -> 25347.954 | V30: ='PT_Import_Val_2018-19'!N29 -> 34029.995 | W30: ='PT_Import_Val_2019-20'!N29 -> 28458.271 | X30: ='PT_Import_Val_2020-21'!N30 -> 9376.8162 | Y30: ='PT_Import_Val_2021-22'!N30 -> 27111.727 | Z30: ='PT_Import_Val_2022-23'!N30 -> 58598.076
A31: SKO | B31: 0 | C31: 0 | D31: 0 | E31: 0 | F31: 0 | G31: 0 | H31: 460 | I31: 371 | J31: 541 | K31: 492 | L31: 362 | M31: 153.96 | N31: 141 | O31: =+'PT_IMPORT_VALRS_H 2011-12'!N30 -> 190.917 | P31: =+'PT_IMPORT_VALRS_H 2012-13 '!N30 -> 139.847 | Q31: =+'PT_IMPORT_VALRS_H_2013-14'!N30 -> 98.455 | R31: =+'PT_IMPORT_VALRS_H_2014-15'!N30 -> 81.344483 | S31: =+'PT_IMPORT_VALRS_H_2015-16'!N30 -> 35.31 | T31: =+'PT_Import_Val_2016-17 '!P29 -> 54.41 | U31: ='PT_Import_Val_2017-18'!P29 -> 68.12 | V31: ='PT_Import_Val_2018-19'!N30 -> 97.639977 | W31: ='PT_Import_Val_2019-20'!N30 -> 559.70069 | X31: ='PT_Import_Val_2020-21'!N31 -> 48.416583 | Y31: ='PT_Import_Val_2021-22'!N31 -> 76.918182 | Z31: ='PT_Import_Val_2022-23'!N31 -> 100.48099
A32: HSD | B32: 0 | C32: 0 | D32: 1872 | E32: 2548 | F32: 3547 | G32: 6763 | H32: 11782 | I32: 18654 | J32: 29198 | K32: 40871 | L32: 49670 | M32: 50929.825 | N32: 69300.3 | O32: =+'PT_IMPORT_VALRS_H 2011-12'!N31 -> 104571.92 | P32: =+'PT_IMPORT_VALRS_H 2012-13 '!N31 -> 115553.81 | Q32: =+'PT_IMPORT_VALRS_H_2013-14'!N31 -> 148138.13 | R32: =+'PT_IMPORT_VALRS_H_2014-15'!N31 -> 115149.03 | S32: =+'PT_IMPORT_VALRS_H_2015-16'!N31 -> 66492.321 | T32: =+'PT_Import_Val_2016-17 '!P30 -> 79857.261 | U32: ='PT_Import_Val_2017-18'!P30 -> 99454.07 | V32: ='PT_Import_Val_2018-19'!N31 -> 123518.62 | W32: ='PT_Import_Val_2019-20'!N31 -> 123919.27 | X32: ='PT_Import_Val_2020-21'!N32 -> 81610.751 | Y32: ='PT_Import_Val_2021-22'!N32 -> 164741.25 | Z32: ='PT_Import_Val_2022-23'!N32 -> 230813.46
A33: LDO | B33: 0 | C33: 0 | D33: 9 | E33: 23 | F33: 0 | G33: 0 | H33: 0 | I33: 0.5 | J33: 0.3 | K33: 0 | L33: 1.3 | M33: 87.1 | N33: 260 | O33: =+'PT_IMPORT_VALRS_H 2011-12'!N32 -> 331.1499 | P33: =+'PT_IMPORT_VALRS_H 2012-13 '!N32 -> 41.651 | Q33: =+'PT_IMPORT_VALRS_H_2013-14'!N32 -> 134.96718 | R33: =+'PT_IMPORT_VALRS_H_2014-15'!N32 -> 28.37 | S33: =+'PT_IMPORT_VALRS_H_2015-16'!N32 -> 0 | T33: =+'PT_Import_Val_2016-17 '!P31 -> 398.85739 | U33: ='PT_Import_Val_2017-18'!P31 -> 37.484147 | V33: ='PT_Import_Val_2018-19'!N32 -> 363.83345 | W33: ='PT_Import_Val_2019-20'!N32 -> 0 | X33: ='PT_Import_Val_2020-21'!N33 -> 0 | Y33: ='PT_Import_Val_2021-22'!N33 -> 0.221489 | Z33: ='PT_Import_Val_2022-23'!N33 -> 12.823656
A34: LOBS/ Lube Oil | B34: 0 | C34: 0 | D34: 0 | E34: 0 | F34: 24 | G34: 36 | H34: 23 | I34: 355 | J34: 1207 | K34: 691 | L34: 687 | M34: 120.6 | N34: 153.7 | O34: =+'PT_IMPORT_VALRS_H 2011-12'!N33 -> 180.7729 | P34: =+'PT_IMPORT_VALRS_H 2012-13 '!N33 -> 381.45422 | Q34: =+'PT_IMPORT_VALRS_H_2013-14'!N33 -> 138.35098 | R34: =+'PT_IMPORT_VALRS_H_2014-15'!N33 -> 99.553503 | S34: =+'PT_IMPORT_VALRS_H_2015-16'!N33 -> 127.08999 | T34: =+'PT_Import_Val_2016-17 '!P32 -> 103.74476 | U34: ='PT_Import_Val_2017-18'!P32 -> 118.35631 | V34: ='PT_Import_Val_2018-19'!N33 -> 106 | W34: ='PT_Import_Val_2019-20'!N33 -> 95.97 | X34: ='PT_Import_Val_2020-21'!N34 -> 92.944733 | Y34: ='PT_Import_Val_2021-22'!N34 -> 114.45312 | Z34: ='PT_Import_Val_2022-23'!N34 -> 204.87498
A35: Fuel Oil | B35: 0 | C35: 0 | D35: 320 | E35: 255 | F35: 902 | G35: 928 | H35: 1517 | I35: 2268 | J35: 4988 | K35: 6811 | L35: 12297 | M35: 10477.878 | N35: 15098 | O35: =+'PT_IMPORT_VALRS_H 2011-12'!N34 -> 25576.267 | P35: =+'PT_IMPORT_VALRS_H 2012-13 '!N34 -> 20415.477 | Q35: =+'PT_IMPORT_VALRS_H_2013-14'!N34 -> 22407.087 | R35: =+'PT_IMPORT_VALRS_H_2014-15'!N34 -> 14250.729 | S35: =+'PT_IMPORT_VALRS_H_2015-16'!N34 -> 4470.9867 | T35: =+'PT_Import_Val_2016-17 '!P33 -> 3929.7991 | U35: ='PT_Import_Val_2017-18'!P33 -> 5291.0196 | V35: ='PT_Import_Val_2018-19'!N34 -> 6537.1073 | W35: ='PT_Import_Val_2019-20'!N34 -> 3811.2168 | X35: ='PT_Import_Val_2020-21'!N35 -> 2318.3597 | Y35: ='PT_Import_Val_2021-22'!N35 -> 6633.0797 | Z35: ='PT_Import_Val_2022-23'!N35 -> 7834.1902
A36: Bitumen | B36: 0 | C36: 0 | D36: 0 | E36: 0 | F36: 0 | G36: 4 | H36: 31 | I36: 25 | J36: 77 | K36: 51 | L36: 64 | M36: 66.62 | N36: 124 | O36: =+'PT_IMPORT_VALRS_H 2011-12'!N35 -> 26.802217 | P36: =+'PT_IMPORT_VALRS_H 2012-13 '!N35 -> 281.21916 | Q36: =+'PT_IMPORT_VALRS_H_2013-14'!N35 -> 321.31154 | R36: =+'PT_IMPORT_VALRS_H_2014-15'!N35 -> 245.2212 | S36: =+'PT_IMPORT_VALRS_H_2015-16'!N35 -> 176.19691 | T36: =+'PT_Import_Val_2016-17 '!P34 -> 36.968027 | U36: ='PT_Import_Val_2017-18'!P34 -> 118.60878 | V36: ='PT_Import_Val_2018-19'!N35 -> 71.797439 | W36: ='PT_Import_Val_2019-20'!N35 -> 88.600216 | X36: ='PT_Import_Val_2020-21'!N36 -> 23.485345 | Y36: ='PT_Import_Val_2021-22'!N36 -> 27.863057 | Z36: ='PT_Import_Val_2022-23'!N36 -> 42.412268
A37: Others% | B37: 0 | C37: 39 | D37: 582 | E37: 413 | F37: 269 | G37: 426 | H37: 706 | I37: 4429 | J37: 2865 | K37: 6938 | L37: 2575 | M37: 7507.9443 | N37: 8332.4 | O37: =+'PT_IMPORT_VALRS_H 2011-12'!N36 -> 11361.012 | P37: =+'PT_IMPORT_VALRS_H 2012-13 '!N36 -> 17880.317 | Q37: =+'PT_IMPORT_VALRS_H_2013-14'!N36 -> 23169.28 | R37: =+'PT_IMPORT_VALRS_H_2014-15'!N36 -> 18267.293 | S37: =+'PT_IMPORT_VALRS_H_2015-16'!N36 -> 9053.7429 | T37: =+'PT_Import_Val_2016-17 '!P35 -> 9514.3118 | U37: ='PT_Import_Val_2017-18'!P35 -> 9796.21 | V37: ='PT_Import_Val_2018-19'!N36 -> 11683.859 | W37: ='PT_Import_Val_2019-20'!N36 -> 9093.6475 | X37: ='PT_Import_Val_2020-21'!N38+'PT_Import_Val_2020-21'!N37 -> 6727.8321 | Y37: ='PT_Import_Val_2021-22'!N38+'PT_Import_Val_2021-22'!N37 -> 11001.981 | Z37: ='PT_Import_Val_2022-23'!N38+'PT_Import_Val_2022-23'!N37 -> 21075.002
A38: TOTAL EXPORT | B38: =SUM(B27:B37) -> 306 | C38: =SUM(C27:C37) -> 698 | D38: =SUM(D27:D37) -> 7672 | E38: =SUM(E27:E37) -> 8285 | F38: =SUM(F27:F37) -> 10868 | G38: =SUM(G27:G37) -> 16781 | H38: =SUM(H27:H37) -> 29928 | I38: =SUM(I27:I37) -> 49973.5 | ... Z38: =SUM(Z27:Z37) -> 458728.67
A40: NET IMPORT | B40: =+B24-B38 -> 26885 | C40: =+C24-C38 -> 53516 | D40: =+D24-D38 -> 70353 | E40: =+E24-E38 -> 59361 | F40: =+F24-F38 -> 74174 | G40: =+G24-G38 -> 76470 | H40: =+H24-H38 -> 101962 | I40: =+I24-I38 -> 149698.5 | ... Z40: =+Z24-Z38 -> 1017497.1
A42: Net Product Export | B42: =+B38-B22 -> -11968 | C42: =+C38-C22 -> -13488 | D42: =+D38-D22 -> -4421 | E42: =+E38-E22 -> 1036 | F42: =+F38-F22 -> 2021 | G42: =+G38-G22 -> 7058 | H42: =+H38-H22 -> 15041 | I42: =+I38-I22 -> 22003.5 | ... Z42: =+Z38-Z22 -> 242874.68
A43: Source: Oil Companies & DGCIS P= Provisional
A44: Notes:
A45: RIL SEZ imports/exports included in country's import/export data
A46: ^LNG import not included
A47: & Others in import include Petcoke, Paraffin wax, Petroleum Jelly, Aviation Gas, MTBE, Reformate etc.
A48: @ Nepal sales by IOCL, Nepal and Bhutan sales by BPCL are considered in total exports with average Rupee-US$ exchange rate
A49: ! RIL SEZ's MS export includes export of Alkylates
A50: # ATF exports by RIL does not include ATF sales to foreign going airlines
A51: % Others in export include Petcoke/CBFS, Benzene, Hexane, MTO, Sulphur etc.

Sheet PT_Import_Val_2022-23
E4: Petroleum Planning & Analysis Cell
A6: 2022-23
A7: (` Crore)
A8: Import/Export of Crude oil and Petroleum Products
A9: IMPORT/EXPORT | B9: APRIL | C9: MAY | D9: JUNE | E9: JULY | F9: AUGUST | G9: SEPTEMBER | H9: OCTOBER | I9: NOVEMBER | J9: DECEMBER | K9: JANUARY | L9: FEBRUARY | M9: MARCH | N9: TOTAL
A10: IMPORT^
A11: CRUDE OIL | B11: 128800.07 | C11: 119633.62 | D11: 121897.64 | E11: 128755.46 | F11: 104567.32 | G11: 95157.742 | H11: 99194.386 | I11: 100258.76 | J11: 94253.237 | K11: 92441.855 | L11: 85798.259 | M11: 89613.479 | N11: =SUM(B11:M11) -> 1260371.8
A12: PRODUCTS
A13: LPG | B13: 11742.672 | C13: 9255.451 | D13: 7620.4483 | E13: 8397.3697 | F13: 8569.8646 | G13: 7569.7403 | H13: 6864.8739 | I13: 9211.2182 | J13: 9489.0789 | K13: 8825.4003 | L13: 10878.431 | M13: 8766.6198 | N13: =SUM(B13:M13) -> 107191.17
A14: MS | B14: 0 | C14: 314.4506 | D14: 1620.7635 | E14: 619.8408 | F14: 0.1369074 | G14: 1395.2889 | H14: 2433.863 | I14: 1620.1604 | J14: 841.67997 | K14: 0.2713627 | L14: 0 | M14: 0 | N14: =SUM(B14:M14) -> 8846.4554
A15: Naphtha | B15: 241.16156 | C15: 260.22227 | D15: 13.868198 | E15: 924.00607 | F15: 475.24784 | G15: 355.42526 | H15: 636.94037 | I15: 173.61044 | J15: 388.0545 | K15: 184.14578 | L15: 687.09829 | M15: 441.55078 | N15: =SUM(B15:M15) -> 4781.3313
A16: ATF | B16: 0 | C16: 0.0013425 | D16: 0 | E16: 0 | F16: 0 | G16: 0 | H16: 0 | I16: 0 | J16: 0 | K16: 0 | L16: 0 | M16: 0 | N16: =SUM(B16:M16) -> 0.0013425
A17: SKO | B17: 0 | C17: 0 | D17: 0 | E17: 0 | F17: 0 | G17: 0 | H17: 0 | I17: 0 | J17: 0 | K17: 0 | L17: 0 | M17: 0 | N17: =SUM(B17:M17) -> 0
A18: HSD | B18: 22.398763 | C18: 102.77772 | D18: 1530.4304 | E18: 1432.4402 | F18: 86.03771 | G18: 14.528648 | H18: 91.96575 | I18: 66.538544 | J18: 118.05043 | K18: 45.498867 | L18: 43.608899 | M18: 29.76553 | N18: =SUM(B18:M18) -> 3584.0415
A19: LOBS/ Lube oil | B19: 1591.0748 | C19: 1680.7704 | D19: 1579.928 | E19: 2086.7115 | F19: 1616.9316 | G19: 1282.3926 | H19: 1887.5094 | I19: 1420.5143 | J19: 1204.4994 | K19: 1183.353 | L19: 1514.6667 | M19: 1401.0159 | N19: =SUM(B19:M19) -> 18449.368
A20: Fuel Oil | B20: 5016.0753 | C20: 2519.2737 | D20: 3067.6493 | E20: 3545.6688 | F20: 2952.6101 | G20: 2178.9693 | H20: 2472.8859 | I20: 2037.8983 | J20: 2952.3116 | K20: 2764.7977 | L20: 1893.7301 | M20: 2072.376 | N20: =SUM(B20:M20) -> 33474.246
A21: Bitumen | B21: 1047.5565 | C21: 1020.9421 | D21: 804.34878 | E21: 451.78709 | F21: 236.91318 | G21: 394.69968 | H21: 773.57192 | I21: 1105.4384 | J21: 1021.8655 | K21: 914.54585 | L21: 986.62272 | M21: 1186.7844 | N21: =SUM(B21:M21) -> 9945.0763
A22: Petcoke | B22: 1704.7949 | C22: 1675.7071 | D22: 1461.5899 | E22: 1787.0969 | F22: 1351.0164 | G22: 1020.8874 | H22: 1587.7222 | I22: 1709.942 | J22: 971.62532 | K22: 1356.0312 | L22: 1351.3822 | M22: 2179.5633 | N22: =SUM(B22:M22) -> 18157.359
A23: Others& | B23: 1091.9775 | C23: 1318.3056 | D23: 765.33193 | E23: 618.96919 | F23: 1120.1187 | G23: 646.20744 | H23: 604.47946 | I23: 673.19644 | J23: 855.07457 | K23: 1177.0665 | L23: 589.70741 | M23: 1964.5072 | N23: =SUM(B23:M23) -> 11424.942
A24: PRODUCT IMPORT* | B24: =SUM(B13:B23) -> 22457.712 | C24: =SUM(C13:C23) -> 18147.902 | D24: =SUM(D13:D23) -> 18464.358 | E24: =SUM(E13:E23) -> 19863.89 | F24: =SUM(F13:F23) -> 16408.877 | G24: =SUM(G13:G23) -> 14858.14 | H24: =SUM(H13:H23) -> 17353.812 | I24: =SUM(I13:I23) -> 18018.517 | ... N24: =SUM(N13:N23) -> 215853.99
A25: TOTAL IMPORT | B25: =+B24+B11 -> 151257.78 | C25: =+C24+C11 -> 137781.52 | D25: =+D24+D11 -> 140362 | E25: =+E24+E11 -> 148619.36 | F25: =+F24+F11 -> 120976.19 | G25: =+G11+G24 -> 110015.88 | H25: =+H11+H24 -> 116548.2 | I25: =+I11+I24 -> 118277.28 | J25: =+J11+J24 -> 112095.48 | K25: =+K11+K24 -> 108892.97 | L25: =+L11+L24 -> 103743.51 | M25: =+M11+M24 -> 107655.66 | N25: =+N11+N24 -> 1476225.8
A26: PRODUCT EXPORT @
A27: LPG | B27: 396.9239 | C27: 418.97014 | D27: 413.13719 | E27: 312.20178 | F27: 287.6589 | G27: 270.15053 | H27: 278.24232 | I27: 254.63032 | J27: 276.83418 | K27: 315.53337 | L27: 267.80112 | M27: 399.07843 | N27: =SUM(B27:M27) -> 3891.1622
A28: MS! | B28: 12030.341 | C28: 11527.746 | D28: 12351.79 | E28: 9095.5542 | F28: 7325.3684 | G28: 4580.6618 | H28: 3312.6717 | I28: 5736.1601 | J28: 8138.8676 | K28: 8424.6507 | L28: 9774.3539 | M28: 10501.447 | N28: =SUM(B28:M28) -> 102799.61
A29: Naphtha$ | B29: 4217.7986 | C29: 3643.5417 | D29: 5154.5869 | E29: 2168.2852 | F29: 2274.9054 | G29: 2331.0189 | H29: 2009.0469 | I29: 2335.9554 | J29: 2245.7181 | K29: 1812.003 | L29: 2342.9942 | M29: 2820.7207 | N29: =SUM(B29:M29) -> 33356.575
A30: ATF# | B30: 2889.1223 | C30: 4073.1044 | D30: 6051.4933 | E30: 5085.6447 | F30: 6365.5962 | G30: 5317.8387 | H30: 5347.4238 | I30: 4880.0982 | J30: 4543.6761 | K30: 4429.2606 | L30: 4604.4054 | M30: 5010.4128 | N30: =SUM(B30:M30) -> 58598.076
A31: SKO | B31: 17.401125 | C31: 6.3677977 | D31: 12.293059 | E31: 10.858749 | F31: 4.588173 | G31: 7.4526338 | H31: 6.4208078 | I31: 8.031776 | J31: 8.2406516 | K31: 7.3006848 | L31: 4.5058237 | M31: 7.0197049 | N31: =SUM(B31:M31) -> 100.48099
A32: HSD | B32: 22851.559 | C32: 27541.927 | D32: 24876.92 | E32: 19133.376 | F32: 19619.725 | G32: 21040.054 | H32: 17901.671 | I32: 15873.609 | J32: 17381.545 | K32: 14375.319 | L32: 14676.246 | M32: 15541.504 | N32: =SUM(B32:M32) -> 230813.46
A33: LDO | B33: 0.78996 | C33: 1.03938 | D33: 0.86812 | E33: 1.183684 | F33: 0.742832 | G33: 1.004124 | H33: 1.264924 | I33: 1.200176 | J33: 1.515756 | K33: 0.8352 | L33: 1.14728 | M33: 1.23222 | N33: =SUM(B33:M33) -> 12.823656
A34: LOBS/ Lube Oil | B34: 34.47029 | C34: 6.349315 | D34: 16.673983 | E34: 13.010111 | F34: 8.0334882 | G34: 13.616913 | H34: 7.8942673 | I34: 11.478333 | J34: 10.097788 | K34: 10.365422 | L34: 6.7416974 | M34: 66.143376 | N34: =SUM(B34:M34) -> 204.87498
A35: Fuel Oil | B35: 261.25677 | C35: 460.71081 | D35: 612.44256 | E35: 722.88598 | F35: 1046.9749 | G35: 546.31845 | H35: 968.49737 | I35: 720.73025 | J35: 925.50903 | K35: 685.22129 | L35: 324.53806 | M35: 559.10474 | N35: =SUM(B35:M35) -> 7834.1902
A36: Bitumen | B36: 0.1164737 | C36: 0.7778321 | D36: 5.6692852 | E36: 0.2459777 | F36: 0.0999142 | G36: 10.242349 | H36: 10.962852 | I36: 0.4832893 | J36: 0.4495835 | K36: 0.2045987 | L36: 1.3071378 | M36: 11.852975 | N36: =SUM(B36:M36) -> 42.412268
A37: Petcoke / CBFS | B37: 15.541078 | C37: 124.093 | D37: 129.88167 | E37: 35.265887 | F37: 32.755974 | G37: 13.802129 | H37: 0 | I37: 0 | J37: 0 | K37: 0 | L37: 24.489539 | M37: 272.24174 | N37: =SUM(B37:M37) -> 648.07102
A38: Others% | B38: 1788.2917 | C38: 2177.1993 | D38: 1907.0854 | E38: 1515.6644 | F38: 1722.7041 | G38: 1225.168 | H38: 852.01871 | I38: 1278.5136 | J38: 3372.831 | K38: 1201.6123 | L38: 1738.2354 | M38: 1647.6068 | N38: =SUM(B38:M38) -> 20426.931
A39: TOTAL PRODUCT EXPORT | B39: =SUM(B27:B38) -> 44503.613 | C39: =SUM(C27:C38) -> 49981.827 | D39: =SUM(D27:D38) -> 51532.842 | E39: =SUM(E27:E38) -> 38094.177 | F39: =SUM(F27:F38) -> 38689.153 | G39: =SUM(G27:G38) -> 35357.329 | H39: =SUM(H27:H38) -> 30696.114 | I39: =SUM(I27:I38) -> 31100.891 | ... N39: =SUM(N27:N38) -> 458728.67
A40: NET IMPORT | B40: =+B25-B39 -> 106754.16 | C40: =+C25-C39 -> 87799.697 | D40: =+D25-D39 -> 88829.156 | E40: =+E25-E39 -> 110525.18 | F40: =+F25-F39 -> 82287.04 | G40: =+G25-G39 -> 74658.552 | H40: =+H25-H39 -> 85852.083 | I40: =+I25-I39 -> 87176.385 | ... N40: =+N25-N39 -> 1017497.1
A41: Source: Oil Companies & DGCIS
A42: Notes:
A43: RIL SEZ imports/exports included in country's import/export data
A44: ^LNG import not included
A45: & Others in import include Paraffin wax, Petroleum Jelly, Aviation Gas, MTBE, Reformate etc.
A46: @ Nepal sales by IOCL, Nepal and Bhutan sales by BPCL are considered in total exports with average Rupee-US$ exchange rate
A47: ! RIL SEZ's MS export includes export of Alkylates
A48: # ATF exports by RIL does not include ATF sales to foreign going airlines
A49: % Others in export include Benzene, Hexane, MTO, Sulphur etc.

Sheet PT_Import_Val_2021-22
E4: Petroleum Planning & Analysis Cell
A6: 2021-22
A7: (` Crore)
A8: Import/Export of Crude oil and Petroleum Products
A9: IMPORT/EXPORT | B9: APRIL | C9: MAY | D9: JUNE | E9: JULY | F9: AUGUST | G9: SEPTEMBER | H9: OCTOBER | I9: NOVEMBER | J9: DECEMBER | K9: JANUARY | L9: FEBRUARY | M9: MARCH | N9: TOTAL
A10: IMPORT^
A11: CRUDE OIL | B11: 63309.499 | C11: 60800.383 | D11: 61073.299 | E11: 59460.95 | F11: 67310.66 | G11: 69109.876 | H11: 72054.197 | I11: 79009.389 | J11: 81771.142 | K11: 86692.515 | L11: 87441.416 | M11: 113228.87 | N11: =SUM(B11:M11) -> 901262.19
A12: PRODUCTS
A13: LPG | B13: 4331.0805 | C13: 3901.8497 | D13: 5595.7045 | E13: 6495.7335 | F13: 8248.4288 | G13: 7704.7651 | H13: 9772.1868 | I13: 10281.785 | J13: 9846.5424 | K13: 7748.1724 | L13: 7419.0824 | M13: 10123.066 | N13: =SUM(B13:M13) -> 91468.398
A14: MS | B14: 349.45504 | C14: 0 | D14: 0 | E14: 0.1478954 | F14: 0 | G14: 592.97964 | H14: 2753.5998 | I14: 198.40835 | J14: 0.1373363 | K14: 0 | L14: 0.0749366 | M14: 0 | N14: =SUM(B14:M14) -> 3894.803
A15: Naphtha | B15: 169.37454 | C15: 179.87095 | D15: 184.24156 | E15: 0 | F15: 0 | G15: 0 | H15: 0 | I15: 121.39174 | J15: 0 | K15: 0 | L15: 0 | M15: 843.91669 | N15: =SUM(B15:M15) -> 1498.7955
A16: ATF | B16: 0 | C16: 0 | D16: 0 | E16: 0 | F16: 0 | G16: 0 | H16: 0 | I16: 0 | J16: 0 | K16: 0 | L16: 0 | M16: 0 | N16: =SUM(B16:M16) -> 0
A17: SKO | B17: 0 | C17: 0 | D17: 0 | E17: 0 | F17: 0 | G17: 0 | H17: 0 | I17: 0 | J17: 0 | K17: 0 | L17: 0 | M17: 0 | N17: =SUM(B17:M17) -> 0
A18: HSD | B18: 10.85699 | C18: 19.54261 | D18: 6.5960564 | E18: 4.8623181 | F18: 20.751588 | G18: 21.584828 | H18: 10.921709 | I18: 35.792882 | J18: 30.897299 | K18: 17.471873 | L18: 35.573635 | M18: 38.134252 | N18: =SUM(B18:M18) -> 252.98604
A19: LOBS/ Lube oil | B19: 1866.1582 | C19: 1665.0694 | D19: 1332.6024 | E19: 1368.8435 | F19: 1584.2582 | G19: 1559.2016 | H19: 2181.2364 | I19: 1442.3871 | J19: 2130.4848 | K19: 1053.875 | L19: 1459.0109 | M19: 2061.1263 | N19: =SUM(B19:M19) -> 19704.254
A20: Fuel Oil | B20: 2288.4191 | C20: 1770.4729 | D20: 1770.7152 | E20: 3191.2333 | F20: 2269.873 | G20: 1392.6538 | H20: 2786.0344 | I20: 2071.8881 | J20: 3041.7942 | K20: 2976.1114 | L20: 3784.2554 | M20: 5471.331 | N20: =SUM(B20:M20) -> 32814.782
A21: Bitumen | B21: 844.6063 | C21: 680.32935 | D21: 537.62194 | E21: 406.94049 | F21: 303.79641 | G21: 405.42638 | H21: 524.57537 | I21: 635.58946 | J21: 838.6689 | K21: 738.91371 | L21: 744.02557 | M21: 1017.5288 | N21: =SUM(B21:M21) -> 7678.0227
A22: Petcoke | B22: 62.365736 | C22: 347.4716 | D22: 352.19206 | E22: 618.59162 | F22: 299.97308 | G22: 360.67321 | H22: 595.86901 | I22: 717.38931 | J22: 1775.9366 | K22: 1478.8462 | L22: 866.01488 | M22: 727.93527 | N22: =SUM(B22:M22) -> 8203.2586
A23: Others& | B23: 975.83006 | C23: 681.40746 | D23: 826.37619 | E23: 1313.1364 | F23: 945.27455 | G23: 1888.0131 | H23: 792.89358 | I23: 591.4308 | J23: 944.92477 | K23: 1122.3829 | L23: 568.23391 | M23: 669.57356 | N23: =SUM(B23:M23) -> 11319.477
A24: PRODUCT IMPORT* | B24: =SUM(B13:B23) -> 10898.147 | C24: =SUM(C13:C23) -> 9246.0139 | D24: =SUM(D13:D23) -> 10606.05 | E24: =SUM(E13:E23) -> 13399.489 | F24: =SUM(F13:F23) -> 13672.356 | G24: =SUM(G13:G23) -> 13925.298 | H24: =SUM(H13:H23) -> 19417.317 | I24: =SUM(I13:I23) -> 16096.063 | ... N24: =SUM(N13:N23) -> 176834.78
A25: TOTAL IMPORT | B25: =+B24+B11 -> 74207.645 | C25: =+C24+C11 -> 70046.397 | D25: =+D24+D11 -> 71679.349 | E25: =+E24+E11 -> 72860.439 | F25: =+F24+F11 -> 80983.016 | G25: =+G11+G24 -> 83035.174 | H25: =+H11+H24 -> 91471.514 | I25: =+I11+I24 -> 95105.452 | J25: =+J11+J24 -> 100380.53 | K25: =+K11+K24 -> 101828.29 | L25: =+L11+L24 -> 102317.69 | M25: =+M11+M24 -> 134181.48 | N25: =+N11+N24 -> 1078097
A26: PRODUCT EXPORT @
A27: LPG | B27: 232.13622 | C27: 247.87268 | D27: 174.20451 | E27: 164.31052 | F27: 242.75606 | G27: 263.9085 | H27: 265.21135 | I27: 326.87479 | J27: 377.79335 | K27: 349.24289 | L27: 302.89778 | M27: 266.37378 | N27: =SUM(B27:M27) -> 3213.5824
A28: MS! | B28: 4405.4637 | C28: 6512.2124 | D28: 5894.7915 | E28: 5486.9031 | F28: 4714.781 | G28: 4648.2508 | H28: 6265.8856 | I28: 6181.933 | J28: 7997.3764 | K28: 7040.8193 | L28: 8675.3499 | M28: 13824.841 | N28: =SUM(B28:M28) -> 81648.608
A29: Naphtha$ | B29: 1936.357 | C29: 2184.3757 | D29: 2867.2176 | E29: 2410.0106 | F29: 3074.6301 | G29: 3259.2608 | H29: 3027.8431 | I29: 3413.5411 | J29: 3457.3274 | K29: 2885.888 | L29: 2792.9087 | M29: 5921.9597 | N29: =SUM(B29:M29) -> 37231.32
A30: ATF# | B30: 1054.0463 | C30: 1700.8093 | D30: 2085.926 | E30: 1521.1799 | F30: 1389.7583 | G30: 1281.2574 | H30: 2439.0397 | I30: 2905.1335 | J30: 2768.2246 | K30: 2525.348 | L30: 2627.922 | M30: 4813.0825 | N30: =SUM(B30:M30) -> 27111.727
A31: SKO | B31: 6.0118874 | C31: 5.899197 | D31: 8.8274251 | E31: 5.6966829 | F31: 3.2972661 | G31: 5.337546 | H31: 5.4742504 | I31: 8.0263914 | J31: 7.4064675 | K31: 6.8083256 | L31: 6.6603482 | M31: 7.4723943 | N31: =SUM(B31:M31) -> 76.918182
A32: HSD | B32: 7212.9991 | C32: 11833.966 | D32: 12122.688 | E32: 10066.061 | F32: 11127.397 | G32: 12496.825 | H32: 15298.122 | I32: 14150.787 | J32: 14804.945 | K32: 14187.667 | L32: 14940.456 | M32: 26499.334 | N32: =SUM(B32:M32) -> 164741.25
A33: LDO | B33: 0 | C33: 0 | D33: 0 | E33: 0 | F33: 0 | G33: 0 | H33: 0 | I33: 0 | J33: 0.111848 | K33: 0.109641 | L33: 0 | M33: 0 | N33: =SUM(B33:M33) -> 0.221489
A34: LOBS/ Lube Oil | B34: 3.33 | C34: 0.79 | D34: 6.01 | E34: 3.11 | F34: 7.83 | G34: 5.5 | H34: 4.85 | I34: 5.69 | J34: 16.72 | K34: 6.04 | L34: 34.94 | M34: 19.64312 | N34: =SUM(B34:M34) -> 114.45312
A35: Fuel Oil | B35: 287.78609 | C35: 774.17463 | D35: 654.58601 | E35: 1063.5744 | F35: 574.9572 | G35: 503.14039 | H35: 450.89346 | I35: 265.32013 | J35: 480.72942 | K35: 617.62004 | L35: 400.74348 | M35: 559.5545 | N35: =SUM(B35:M35) -> 6633.0797
A36: Bitumen | B36: 0.7120126 | C36: 0 | D36: 0 | E36: 0 | F36: 0 | G36: 8.6388581 | H36: 18.512186 | I36: 0 | J36: 0 | K36: 0 | L36: 0 | M36: 0 | N36: =SUM(B36:M36) -> 27.863057
A37: Petcoke / CBFS | B37: 2.5674964 | C37: 0.40168055 | D37: 0.79579588 | E37: 0.63448767 | F37: 148.59804 | G37: 158.32309 | H37: 190.77251 | I37: 0 | J37: 0.41038355 | K37: 0 | L37: 33.3 | M37: 17.512615 | N37: =SUM(B37:M37) -> 553.3161
A38: Others% | B38: 1006.286 | C38: 1112.8165 | D38: 971.15315 | E38: 1088.2538 | F38: 405.77332 | G38: 567.8816 | H38: 832.52431 | I38: 588.70743 | J38: 743.1362 | K38: 1062.0379 | L38: 851.29085 | M38: 1218.8039 | N38: =SUM(B38:M38) -> 10448.665
A39: TOTAL PRODUCT EXPORT | B39: =SUM(B27:B38) -> 16147.696 | C39: =SUM(C27:C38) -> 24373.318 | D39: =SUM(D27:D38) -> 24786.2 | E39: =SUM(E27:E38) -> 21809.734 | F39: =SUM(F27:F38) -> 21689.779 | G39: =SUM(G27:G38) -> 23198.324 | H39: =SUM(H27:H38) -> 28799.128 | I39: =SUM(I27:I38) -> 27846.013 | ... N39: =SUM(N27:N38) -> 331801
A40: NET IMPORT | B40: =+B25-B39 -> 58059.949 | C40: =+C25-C39 -> 45673.079 | D40: =+D25-D39 -> 46893.148 | E40: =+E25-E39 -> 51050.705 | F40: =+F25-F39 -> 59293.237 | G40: =+G25-G39 -> 59836.85 | H40: =+H25-H39 -> 62672.386 | I40: =+I25-I39 -> 67259.439 | ... N40: =+N25-N39 -> 746295.97
A41: Source: Oil Companies & DGCIS
A42: Notes:
A43: RIL SEZ imports/exports included in country's import/export data
A44: ^LNG import not included
A45: & Others in import include Paraffin wax, Petroleum Jelly, Aviation Gas, MTBE, Reformate etc.
A46: @ Nepal sales by IOCL, Nepal and Bhutan sales by BPCL are considered in total exports with average Rupee-US$ exchange rate
A47: ! RIL SEZ's MS export includes export of Alkylates
A48: # ATF exports by RIL does not include ATF sales to foreign going airlines
A49: % Others in export include Benzene, Hexane, MTO, Sulphur etc.

Sheet PT_Import_Val_2020-21
E4: Petroleum Planning & Analysis Cell
A6: 2020-21
A7: (` Crore)
A8: Import/Export of Crude oil and Petroleum Products
A9: IMPORT/EXPORT | B9: APRIL | C9: MAY | D9: JUNE | E9: JULY | F9: AUGUST | G9: SEPTEMBER | H9: OCTOBER | I9: NOVEMBER | J9: DECEMBER | K9: JANUARY | L9: FEBRUARY | M9: MARCH | N9: TOTAL
A10: IMPORT^
A11: CRUDE OIL | B11: 23097.821 | C11: 17134.222 | D11: 24391.229 | E11: 28431.994 | F11: 40659.068 | G11: 34353.851 | H11: 33074.492 | I11: 40926.854 | J11: 52165.863 | K11: 55990.925 | L11: 48033.559 | M11: 61518.692 | N11: =SUM(B11:M11) -> 459778.57
A12: PRODUCTS
A13: LPG | B13: 3028.6634 | C13: 4080.3823 | D13: 3267.7466 | E13: 2565.3385 | F13: 3400.6783 | G13: 4559.2961 | H13: 4185.4035 | I13: 4774.5681 | J13: 5254.257 | K13: 5572.3051 | L13: 6807.5726 | M13: 6256.247 | N13: =SUM(B13:M13) -> 53752.459
A14: MS | B14: 0.4033338 | C14: 0 | D14: 101.93461 | E14: 115.63666 | F14: 109.0484 | G14: 230.52867 | H14: 399.56266 | I14: 473.67175 | J14: 2016.776 | K14: 513.69703 | L14: 357.41354 | M14: 630.95254 | N14: =SUM(B14:M14) -> 4949.6252
A15: Naphtha | B15: 63.385744 | C15: 86.609989 | D15: 464.45647 | E15: 488.29295 | F15: 422.69161 | G15: 287.53548 | H15: 472.80766 | I15: 540.05155 | J15: 272.7171 | K15: 170.25713 | L15: 425.83151 | M15: 149.40643 | N15: =SUM(B15:M15) -> 3844.0436
A16: ATF | B16: 0.0025391 | C16: 0.0010004 | D16: 0 | E16: 0.0027309 | F16: 0 | G16: 0 | H16: 0.0003558 | I16: 0 | J16: 0 | K16: 0 | L16: 0.0020701 | M16: 0 | N16: =SUM(B16:M16) -> 0.0086963
A17: SKO | B17: 0 | C17: 0 | D17: 0.0026053 | E17: 9.375249 | F17: 0 | G17: 0.6224536 | H17: 2.0913015 | I17: 0.0183525 | J17: 0.0256935 | K17: 0 | L17: 0 | M17: 0.0018431 | N17: =SUM(B17:M17) -> 12.137498
A18: HSD | B18: 83.844894 | C18: 74.723229 | D18: 199.16737 | E18: 394.97171 | F18: 11.737663 | G18: 7.5919417 | H18: 35.406694 | I18: 9.2796564 | J18: 797.02639 | K18: 242.43264 | L18: 67.237494 | M18: 36.623313 | N18: =SUM(B18:M18) -> 1960.043
A19: LOBS/ Lube oil | B19: 735.31662 | C19: 407.72032 | D19: 443.65466 | E19: 747.21748 | F19: 886.39726 | G19: 922.9987 | H19: 1127.8781 | I19: 1370.4987 | J19: 1344.1348 | K19: 1452.6091 | L19: 1385.0957 | M19: 1346.7316 | N19: =SUM(B19:M19) -> 12170.253
A20: Fuel Oil | B20: 555.10848 | C20: 639.86339 | D20: 964.77656 | E20: 2459.7076 | F20: 1005.4711 | G20: 493.74213 | H20: 328.04894 | I20: 495.9697 | J20: 1138.1601 | K20: 949.73542 | L20: 2109.5524 | M20: 3171.5483 | N20: =SUM(B20:M20) -> 14311.684
A21: Bitumen | B21: 191.87442 | C21: 180.86788 | D21: 274.95764 | E21: 290.28508 | F21: 154.83377 | G21: 195.8835 | H21: 196.86052 | I21: 293.70642 | J21: 464.99007 | K21: 670.91221 | L21: 697.81682 | M21: 712.22571 | N21: =SUM(B21:M21) -> 4325.214
A22: Petcoke | B22: 386.73428 | C22: 1138.4077 | D22: 501.1175 | E22: 630.69387 | F22: 592.57781 | G22: 482.70316 | H22: 519.76978 | I22: 495.57565 | J22: 500.87193 | K22: 307.3214 | L22: 150.25827 | M22: 703.6213 | N22: =SUM(B22:M22) -> 6409.6527
A23: Others& | B23: 628.77301 | C23: 478.89014 | D23: 762.24359 | E23: 872.5749 | F23: 476.28247 | G23: 369.22605 | H23: 523.00392 | I23: 388.15877 | J23: 494.1323 | K23: 825.28411 | L23: 931.25181 | M23: 944.72381 | N23: =SUM(B23:M23) -> 7694.5449
A24: PRODUCT IMPORT* | B24: =SUM(B13:B23) -> 5674.1067 | C24: =SUM(C13:C23) -> 7087.466 | D24: =SUM(D13:D23) -> 6980.0576 | E24: =SUM(E13:E23) -> 8574.0968 | F24: =SUM(F13:F23) -> 7059.7184 | G24: =SUM(G13:G23) -> 7550.1282 | H24: =SUM(H13:H23) -> 7790.8334 | I24: =SUM(I13:I23) -> 8841.4987 | ... N24: =SUM(N13:N23) -> 109429.67
A25: TOTAL IMPORT | B25: =+B24+B11 -> 28771.928 | C25: =+C24+C11 -> 24221.688 | D25: =+D24+D11 -> 31371.286 | E25: =+E24+E11 -> 37006.09 | F25: =+F24+F11 -> 47718.787 | G25: =+G11+G24 -> 41903.979 | H25: =+H11+H24 -> 40865.325 | I25: =+I11+I24 -> 49768.353 | J25: =+J11+J24 -> 64448.955 | K25: =+K11+K24 -> 66695.479 | L25: =+L11+L24 -> 60965.591 | M25: =+M11+M24 -> 75470.774 | N25: =+N11+N24 -> 569208.23
A26: PRODUCT EXPORT @
A27: LPG | B27: 155.44688 | C27: 91.700391 | D27: 105.91984 | E27: 103.8657 | F27: 114.54351 | G27: 128.22866 | H27: 124.21466 | I27: 143.86175 | J27: 170.76146 | K27: 195.88343 | L27: 207.21724 | M27: 255.02191 | N27: =SUM(B27:M27) -> 1796.6654
A28: MS! | B28: 1381.7336 | C28: 2194.3455 | D28: 2815.1928 | E28: 3024.7832 | F28: 2809.2707 | G28: 2847.7059 | H28: 2299.5541 | I28: 2777.0954 | J28: 3131.5067 | K28: 3422.3366 | L28: 3935.5538 | M28: 5890.5396 | N28: =SUM(B28:M28) -> 36529.618
A29: Naphtha$ | B29: 655.6674 | C29: 781.74544 | D29: 1164.3824 | E29: 895.23251 | F29: 1622.3321 | G29: 1717.4901 | H29: 801.60635 | I29: 1212.3563 | J29: 1846.2793 | K29: 2210.2161 | L29: 2282.7483 | M29: 3452.765 | N29: =SUM(B29:M29) -> 18642.821
A30: ATF# | B30: 628.99369 | C30: 436.58389 | D30: 574.16679 | E30: 579.59254 | F30: 372.74702 | G30: 633.83367 | H30: 423.12917 | I30: 718.48285 | J30: 917.25792 | K30: 989.10263 | L30: 1581.7586 | M30: 1521.1675 | N30: =SUM(B30:M30) -> 9376.8162
A31: SKO | B31: 0.0951482 | C31: 0.0775353 | D31: 1.5432244 | E31: 4.4183477 | F31: 2.1868383 | G31: 1.9761498 | H31: 6.2903462 | I31: 5.5339283 | J31: 6.6919014 | K31: 6.7677022 | L31: 5.432813 | M31: 7.4026479 | N31: =SUM(B31:M31) -> 48.416583
A32: HSD | B32: 5441.8586 | C32: 4816.3194 | D32: 5162.7118 | E32: 5836.6398 | F32: 7935.0186 | G32: 6628.5666 | H32: 5699.8199 | I32: 5811.1369 | J32: 7591.7586 | K32: 7555.9882 | L32: 7727.0684 | M32: 11403.865 | N32: =SUM(B32:M32) -> 81610.751
A33: LDO | B33: 0 | C33: 0 | D33: 0 | E33: 0 | F33: 0 | G33: 0 | H33: 0 | I33: 0 | J33: 0 | K33: 0 | L33: 0 | M33: 0 | N33: =SUM(B33:M33) -> 0
A34: LOBS/ Lube Oil | B34: 0 | C34: 9.7045232 | D34: 13.62142 | E34: 15.44879 | F34: 6.22 | G34: 7.17 | H34: 6.65 | I34: 6.17 | J34: 5.23 | K34: 5.22 | L34: 7.36 | M34: 10.15 | N34: =SUM(B34:M34) -> 92.944733
A35: Fuel Oil | B35: 154.63447 | C35: 290.60065 | D35: 259.84519 | E35: 91.294307 | F35: 0 | G35: 32.890422 | H35: 143.02356 | I35: 51.316551 | J35: 113.39127 | K35: 286.71381 | L35: 235.76861 | M35: 658.88088 | N35: =SUM(B35:M35) -> 2318.3597
A36: Bitumen | B36: 0 | C36: 0 | D36: 0 | E36: 0 | F36: 0 | G36: 6.6969465 | H36: 6.1853821 | I36: 0.1906253 | J36: 8.0361574 | K36: 0.3243114 | L36: 0.1052075 | M36: 1.9467151 | N36: =SUM(B36:M36) -> 23.485345
A37: Petcoke / CBFS | B37: 27.651771 | C37: 81.679647 | D37: 146.39033 | E37: 22.755858 | F37: 3.502018 | G37: 2.8089627 | H37: 0.32922005 | I37: 0.61548763 | J37: 0.99015475 | K37: 2.2542704 | L37: 2.4003687 | M37: 0.7533307 | N37: =SUM(B37:M37) -> 292.13142
A38: Others% | B38: 558.6194 | C38: 1023.0439 | D38: 492.28351 | E38: 444.88531 | F38: 512.44782 | G38: 546.39324 | H38: 377.23995 | I38: 333.47898 | J38: 298.95638 | K38: 464.54155 | L38: 331.86515 | M38: 1051.9455 | N38: =SUM(B38:M38) -> 6435.7007
A39: TOTAL PRODUCT EXPORT | B39: =SUM(B27:B38) -> 9004.7009 | C39: =SUM(C27:C38) -> 9725.8009 | D39: =SUM(D27:D38) -> 10736.057 | E39: =SUM(E27:E38) -> 11018.916 | F39: =SUM(F27:F38) -> 13378.269 | G39: =SUM(G27:G38) -> 12553.761 | H39: =SUM(H27:H38) -> 9888.0426 | I39: =SUM(I27:I38) -> 11060.239 | ... N39: =SUM(N27:N38) -> 157167.71
A40: NET IMPORT | B40: =+B25-B39 -> 19767.227 | C40: =+C25-C39 -> 14495.887 | D40: =+D25-D39 -> 20635.229 | E40: =+E25-E39 -> 25987.174 | F40: =+F25-F39 -> 34340.518 | G40: =+G25-G39 -> 29350.218 | H40: =+H25-H39 -> 30977.283 | I40: =+I25-I39 -> 38708.114 | ... N40: =+N25-N39 -> 412040.52
A41: Source: Oil Companies & DGCIS P= Provisional
A42: Notes:
A43: RIL SEZ imports/exports included in country's import/export data
A44: ^LNG import not included
A45: & Others in import include Paraffin wax, Petroleum Jelly, Aviation Gas, MTBE, Reformate etc.
A46: @ Nepal sales by IOCL, Nepal and Bhutan sales by BPCL are considered in total exports with average Rupee-US$ exchange rate
A47: ! RIL SEZ's MS export includes export of Alkylates
A48: # ATF exports by RIL does not include ATF sales to foreign going airlines
A49: % Others in export include Benzene, Hexane, MTO, Sulphur etc.

Sheet PT_Import_Val_2019-20
E4: Petroleum Planning & Analysis Cell
A6: 2019-20
A7: (` Crore)
A8: Import/Export of Crude oil and Petroleum Products
A9: IMPORT/EXPORT | B9: APRIL | C9: MAY | D9: JUNE | E9: JULY | F9: AUGUST | G9: SEPTEMBER | H9: OCTOBER | I9: NOVEMBER | J9: DECEMBER | K9: JANUARY | L9: FEBRUARY | M9: MARCH | N9: TOTAL
A10: IMPORT^
A11: CRUDE OIL | B11: 67513.657 | C11: 66391.616 | D11: 55094.71 | E11: 62690.275 | F11: 62338.084 | G11: 52955.35 | H11: 59815.41 | I11: 61260.06 | J11: 62309.013 | K11: 68082.735 | L11: 55633.007 | M11: 42917.058 | N11: =SUM(B11:M11) -> 717000.98
A12: PRODUCTS
A13: LPG | B13: 4769.7727 | C13: 3904.5131 | D13: 3089.9555 | E13: 2316.0579 | F13: 3239.6886 | G13: 4280.9287 | H13: 4476.9438 | I13: 4389.4904 | J13: 4178.3815 | K13: 6001.0039 | L13: 5380.74 | M13: 4319.9766 | N13: =SUM(B13:M13) -> 50347.453
A14: MS | B14: 597.85531 | C14: 583.66173 | D14: 781.73439 | E14: 1118.5332 | F14: 745.74566 | G14: 1864.5318 | H14: 865.70233 | I14: 627.48763 | J14: 1060.0784 | K14: 889.65238 | L14: 255.56609 | M14: 219.48775 | N14: =SUM(B14:M14) -> 9610.0367
A15: Naphtha | B15: 516.47103 | C15: 555.41772 | D15: 272.19264 | E15: 764.86234 | F15: 752.74793 | G15: 977.8052 | H15: 471.67174 | I15: 394.59651 | J15: 580.10699 | K15: 798.87666 | L15: 269.51891 | M15: 323.46003 | N15: =SUM(B15:M15) -> 6677.7277
A16: ATF | B16: 308.64976 | C16: 0 | D16: 0 | E16: 0 | F16: 0.0046871 | G16: 0 | H16: 0 | I16: 0 | J16: 0.0002503 | K16: 0 | L16: 0 | M16: 0 | N16: =SUM(B16:M16) -> 308.65469
A17: SKO | B17: 0 | C17: 0 | D17: 0 | E17: 0 | F17: 0 | G17: 0 | H17: 0 | I17: 0 | J17: 0 | K17: 0 | L17: 0 | M17: 0 | N17: =SUM(B17:M17) -> 0
A18: HSD | B18: 604.48231 | C18: 817.87734 | D18: 1775.534 | E18: 486.38145 | F18: 197.04745 | G18: 592.59036 | H18: 278.21554 | I18: 50.677234 | J18: 2292.2289 | K18: 3035.0355 | L18: 1070.3524 | M18: 418.62693 | N18: =SUM(B18:M18) -> 11619.049
A19: LOBS/ Lube oil | B19: 881.33137 | C19: 1326.0387 | D19: 1188.1615 | E19: 1046.8374 | F19: 1033.1028 | G19: 885.75781 | H19: 1038.3793 | I19: 807.39512 | J19: 788.12116 | K19: 960.45859 | L19: 980.25181 | M19: 932.90852 | N19: =SUM(B19:M19) -> 11868.744
A20: Fuel Oil | B20: 111.27334 | C20: 287.10304 | D20: 925.8393 | E20: 429.63721 | F20: 814.80331 | G20: 1202.4481 | H20: 742.10673 | I20: 624.43503 | J20: 1501.8713 | K20: 2264.2628 | L20: 1248.8811 | M20: 1638.7794 | N20: =SUM(B20:M20) -> 11791.441
A21: Bitumen | B21: 264.95648 | C21: 306.8215 | D21: 290.13772 | E21: 210.69383 | F21: 121.87328 | G21: 154.23904 | H21: 282.18787 | I21: 284.48569 | J21: 335.8476 | K21: 430.06188 | L21: 517.80129 | M21: 434.53512 | N21: =SUM(B21:M21) -> 3633.6413
A22: Others& | B22: 2093.7864 | C22: 2627.7944 | D22: 2285.8894 | E22: 1799.7161 | F22: 1543.3424 | G22: 1533.0798 | H22: 1893.6425 | I22: 1306.591 | J22: 1546.9334 | K22: 1155.1963 | L22: 1063.3128 | M22: 1035.556 | N22: =SUM(B22:M22) -> 19884.841
A23: PRODUCT IMPORT* | B23: =SUM(B13:B22) -> 10148.579 | C23: =SUM(C13:C22) -> 10409.228 | D23: =SUM(D13:D22) -> 10609.444 | E23: =SUM(E13:E22) -> 8172.7194 | F23: =SUM(F13:F22) -> 8448.3561 | G23: =SUM(G13:G22) -> 11491.381 | H23: =SUM(H13:H22) -> 10048.85 | I23: =SUM(I13:I22) -> 8485.1586 | ... N23: =SUM(N13:N22) -> 125741.59
A24: TOTAL IMPORT | B24: =+B23+B11 -> 77662.236 | C24: =+C23+C11 -> 76800.843 | D24: =+D23+D11 -> 65704.155 | E24: =+E23+E11 -> 70862.994 | F24: =+F23+F11 -> 70786.44 | G24: =+G11+G23 -> 64446.73 | H24: =+H11+H23 -> 69864.26 | I24: =+I11+I23 -> 69745.218 | J24: =+J11+J23 -> 74592.582 | K24: =+K11+K23 -> 83617.283 | L24: =+L11+L23 -> 66419.432 | M24: =+M11+M23 -> 52240.389 | N24: =+N11+N23 -> 842742.56
A25: PRODUCT EXPORT @
A26: LPG | B26: 174.88275 | C26: 168.9649 | D26: 161.15363 | E26: 147.57696 | F26: 103.63082 | G26: 135.87477 | H26: 128.74114 | I26: 169.54761 | J26: 174.0389 | K26: 167.48977 | L26: 217.56204 | M26: 220.99023 | N26: =SUM(B26:M26) -> 1970.4535
A27: MS! | B27: 4999.8536 | C27: 6508.5983 | D27: 3494.7136 | E27: 5087.2176 | F27: 3765.7303 | G27: 5158.6524 | H27: 4304.1542 | I27: 4564.351 | J27: 6138.7151 | K27: 3562.1121 | L27: 4260.2659 | M27: 2667.4995 | N27: =SUM(B27:M27) -> 54511.864
A28: Naphtha$ | B28: 2453.6156 | C28: 3729.782 | D28: 1815.4589 | E28: 1387.5574 | F28: 2201.9512 | G28: 2666.7331 | H28: 3165.2473 | I28: 2823.3627 | J28: 3931.022 | K28: 3156.0918 | L28: 2464.4659 | M28: 1713.261 | N28: =SUM(B28:M28) -> 31508.549
A29: ATF# | B29: 2484.4869 | C29: 2129.9328 | D29: 2623.3305 | E29: 2043.254 | F29: 2276.2496 | G29: 3124.5279 | H29: 2604.0096 | I29: 2995.4611 | J29: 2835.4144 | K29: 2105.8387 | L29: 1930.0485 | M29: 1305.7169 | N29: =SUM(B29:M29) -> 28458.271
A30: SKO | B30: 8.1339013 | C30: 8.1023231 | D30: 10.045218 | E30: 8.1984372 | F30: 10.428487 | G30: 10.821107 | H30: 4.6546983 | I30: 8.7533441 | J30: 83.648421 | K30: 222.34123 | L30: 69.739898 | M30: 114.83362 | N30: =SUM(B30:M30) -> 559.70069
A31: HSD | B31: 8771.2941 | C31: 9143.3096 | D31: 8744.3096 | E31: 10609.285 | F31: 9452.2034 | G31: 13679.85 | H31: 12534.041 | I31: 13264.075 | J31: 13113.095 | K31: 8781.8916 | L31: 8499.7449 | M31: 7326.1721 | N31: =SUM(B31:M31) -> 123919.27
A32: LDO | B32: 0 | C32: 0 | D32: 0 | E32: 0 | F32: 0 | G32: 0 | H32: 0 | I32: 0 | J32: 0 | K32: 0 | L32: 0 | M32: 0 | N32: =SUM(B32:M32) -> 0
A33: LOBS/ Lube Oil | B33: 0.87 | C33: 5.91 | D33: 9.69 | E33: 9.9 | F33: 8.57 | G33: 10.61 | H33: 8.6 | I33: 10.39 | J33: 7.54 | K33: 8.56 | L33: 10.15 | M33: 5.18 | N33: =SUM(B33:M33) -> 95.97
A34: Fuel Oil | B34: 160.51994 | C34: 280.11 | D34: 315.68453 | E34: 425.9154 | F34: 371.47372 | G34: 979.87083 | H34: 329.32122 | I34: 330.48937 | J34: 66.622912 | K34: 0.3254741 | L34: 336.23655 | M34: 214.64686 | N34: =SUM(B34:M34) -> 3811.2168
A35: Bitumen | B35: 12.361681 | C35: 11.324626 | D35: 2.4015566 | E35: 2.9478871 | F35: 15.044569 | G35: 7.0681826 | H35: 7.7166939 | I35: 7.8224159 | J35: 0 | K35: 14.448027 | L35: 7.4645774 | M35: 0 | N35: =SUM(B35:M35) -> 88.600216
A36: Others% | B36: 398.41287 | C36: 935.21856 | D36: 525.40428 | E36: 891.08529 | F36: 1474.1757 | G36: 582.93106 | H36: 504.01173 | I36: 690.8501 | J36: 824.78967 | K36: 877.82389 | L36: 750.52526 | M36: 638.41912 | N36: =SUM(B36:M36) -> 9093.6475
A37: TOTAL PRODUCT EXPORT | B37: =SUM(B26:B36) -> 19464.431 | C37: =SUM(C26:C36) -> 22921.253 | D37: =SUM(D26:D36) -> 17702.192 | E37: =SUM(E26:E36) -> 20612.938 | F37: =SUM(F26:F36) -> 19679.458 | G37: =SUM(G26:G36) -> 26356.939 | H37: =SUM(H26:H36) -> 23590.498 | I37: =SUM(I26:I36) -> 24865.102 | ... N37: =SUM(N26:N36) -> 254017.54
A38: NET IMPORT | B38: =+B24-B37 -> 58197.805 | C38: =+C24-C37 -> 53879.59 | D38: =+D24-D37 -> 48001.963 | E38: =+E24-E37 -> 50250.057 | F38: =+F24-F37 -> 51106.982 | G38: =+G24-G37 -> 38089.791 | H38: =+H24-H37 -> 46273.763 | I38: =+I24-I37 -> 44880.116 | ... N38: =+N24-N37 -> 588725.02
A39: Source: Oil Companies & DGCIS P= Provisional
A40: Notes:
A41: RIL SEZ imports/exports included in country's import/export data
A42: ^LNG import not included
A43: & Others in import include Petcoke, Paraffin wax, Petroleum Jelly, Aviation Gas, MTBE, Reformate etc.
A44: @ Nepal sales by IOCL, Nepal and Bhutan sales by BPCL are considered in total exports with average Rupee-US$ exchange rate
A45: ! RIL SEZ's MS export includes export of Alkylates
A46: # ATF exports by RIL does not include ATF sales to foreign going airlines
A47: % Others in export include Petcoke/CBFS, Benzene, Hexane, MTO, Sulphur etc.

Sheet PT_Import_Val_2018-19
E4: Petroleum Planning & Analysis Cell
A6: 2018-19
A7: (` Crore)
A8: Import/Export of Crude oil and Petroleum Products
A9: IMPORT/EXPORT | B9: APRIL | C9: MAY | D9: JUNE | E9: JULY | F9: AUGUST | G9: SEPTEMBER | H9: OCTOBER | I9: NOVEMBER | J9: DECEMBER | K9: JANUARY | L9: FEBRUARY | M9: MARCH | N9: TOTAL
A10: IMPORT^
A11: CRUDE OIL$ | B11: 54773.944 | C11: 68799.381 | D11: 69745.59 | E11: 71013.142 | F11: 69055.323 | G11: 70493.004 | H11: 84901.828 | I11: 59275.17 | J11: 59454.511 | K11: 58810.762 | L11: 54282.3 | M11: 62577.894 | N11: =SUM(B11:M11) -> 783182.85
A12: PRODUCTS
A13: LPG | B13: 2757.0098 | C13: 3035.2064 | D13: 4267.9005 | E13: 4310.9199 | F13: 5131.2612 | G13: 5237.1664 | H13: 4842.8698 | I13: 4134.2692 | J13: 3868.2433 | K13: 3279.6501 | L13: 4070.0182 | M13: 5004.5281 | N13: =SUM(B13:M13) -> 49939.043
A14: MS | B14: 0 | C14: 862.97443 | D14: 0 | E14: 0 | F14: 193.91638 | G14: 244.3861 | H14: 194.87476 | I14: 155.44097 | J14: 131.01597 | K14: 249.29843 | L14: 414.40872 | M14: 657.61487 | N14: =SUM(B14:M14) -> 3103.9306
A15: Naphtha | B15: 1353.4022 | C15: 588.1532 | D15: 977.16449 | E15: 783.83422 | F15: 761.58519 | G15: 821.18994 | H15: 1346.7676 | I15: 1166.5784 | J15: 703.54944 | K15: 196.43652 | L15: 668.14112 | M15: 298.5749 | N15: =SUM(B15:M15) -> 9665.3772
A16: ATF | B16: 176.71896 | C16: 34.988455 | D16: 76.298114 | E16: 157.36638 | F16: 199.07779 | G16: 208.87398 | H16: 249.32187 | I16: 114.69872 | J16: 126.2723 | K16: 23.671521 | L16: 0 | M16: 25.174772 | N16: =SUM(B16:M16) -> 1392.4629
A17: SKO | B17: 0 | C17: 0 | D17: 0 | E17: 0 | F17: 0 | G17: 0 | H17: 0 | I17: 0 | J17: 0 | K17: 0 | L17: 0 | M17: 0 | N17: =SUM(B17:M17) -> 0
A18: HSD | B18: 295.53598 | C18: 545.76658 | D18: 29.937407 | E18: 11.300313 | F18: 20.15001 | G18: 13.501665 | H18: 112.01791 | I18: 46.399008 | J18: 34.026876 | K18: 301.8214 | L18: 740.36327 | M18: 334.94553 | N18: =SUM(B18:M18) -> 2485.7659
A19: LOBS/ Lube oil | B19: 608.61119 | C19: 1117.6558 | D19: 1229.4522 | E19: 1053.9011 | F19: 1232.448 | G19: 942.87353 | H19: 1425.1504 | I19: 1223.8616 | J19: 1103.0901 | K19: 1049.0552 | L19: 945.25292 | M19: 1417.8946 | N19: =SUM(B19:M19) -> 13349.247
A20: Fuel Oil | B20: 930.81036 | C20: 405.34682 | D20: 703.1081 | E20: 596.54779 | F20: 264.05185 | G20: 201.68006 | H20: 191.48566 | I20: 132.85493 | J20: 655.19846 | K20: 65.601048 | L20: 399.33325 | M20: 235.85536 | N20: =SUM(B20:M20) -> 4781.8737
A21: Bitumen | B21: 228.02167 | C21: 201.17625 | D21: 129.29773 | E21: 107.08283 | F21: 91.379912 | G21: 142.17175 | H21: 160.02713 | I21: 173.54262 | J21: 170.83772 | K21: 209.16619 | L21: 204.59119 | M21: 332.17981 | N21: =SUM(B21:M21) -> 2149.4748
A22: Others& | B22: 2021.5809 | C22: 2052.486 | D22: 2411.7698 | E22: 2445.6007 | F22: 2353.9809 | G22: 1908.5649 | H22: 1661.8702 | I22: 1892.2509 | J22: 2764.0375 | K22: 2564.0837 | L22: 2439.5475 | M22: 2282.4895 | N22: =SUM(B22:M22) -> 26798.263
A23: PRODUCT IMPORT* | B23: =SUM(B13:B22) -> 8371.6911 | C23: =SUM(C13:C22) -> 8843.7539 | D23: =SUM(D13:D22) -> 9824.9284 | E23: =SUM(E13:E22) -> 9466.5532 | F23: =SUM(F13:F22) -> 10247.851 | G23: =SUM(G13:G22) -> 9720.4083 | H23: =SUM(H13:H22) -> 10184.385 | I23: =SUM(I13:I22) -> 9039.8964 | ... N23: =SUM(N13:N22) -> 113665.44
A24: TOTAL IMPORT | B24: =+B23+B11 -> 63145.635 | C24: =+C23+C11 -> 77643.135 | D24: =+D23+D11 -> 79570.519 | E24: =+E23+E11 -> 80479.695 | F24: =+F23+F11 -> 79303.174 | G24: =+G11+G23 -> 80213.413 | H24: =+H11+H23 -> 95086.214 | I24: =+I11+I23 -> 68315.066 | J24: =+J11+J23 -> 69010.783 | K24: =+K11+K23 -> 66749.546 | L24: =+L11+L23 -> 64163.956 | M24: =+M11+M23 -> 73167.151 | N24: =+N11+N23 -> 896848.29
A25: PRODUCT EXPORT @
A26: LPG | B26: 119.7943 | C26: 137.08898 | D26: 151.5572 | E26: 162.47859 | F26: 158.74388 | G26: 173.27279 | H26: 192.81618 | I26: 173.88593 | J26: 209.2206 | K26: 172.88718 | L26: 145.64079 | M26: 178.35069 | N26: =SUM(B26:M26) -> 1975.7371
A27: MS! | B27: 4192.1922 | C27: 5836.4644 | D27: 5930.7688 | E27: 5225.7965 | F27: 4276.5388 | G27: 6355.689 | H27: 6397.8962 | I27: 4683.245 | J27: 3971.7044 | K27: 4013.4746 | L27: 4057.9005 | M27: 5477.1386 | N27: =SUM(B27:M27) -> 60418.809
A28: Naphtha$ | B28: 2063.5679 | C28: 2427.2591 | D28: 2767.7536 | E28: 2777.4232 | F28: 3059.5256 | G28: 3720.6767 | H28: 2771.8231 | I28: 2538.2831 | J28: 2010.6125 | K28: 1489.9123 | L28: 1535.6898 | M28: 1730.5942 | N28: =SUM(B28:M28) -> 28893.121
A29: ATF# | B29: 2153.5471 | C29: 2595.3935 | D29: 3420.2001 | E29: 3089.686 | F29: 2914.0127 | G29: 3348.2525 | H29: 3274.5213 | I29: 2923.2248 | J29: 2537.261 | K29: 2399.6222 | L29: 2118.4889 | M29: 3255.7852 | N29: =SUM(B29:M29) -> 34029.995
A30: SKO | B30: 6.0975412 | C30: 8.7787065 | D30: 9.3953493 | E30: 8.2056697 | F30: 9.4184028 | G30: 7.9145972 | H30: 10.031256 | I30: 8.4089086 | J30: 7.70049 | K30: 6.9460234 | L30: 7.1694645 | M30: 7.5735677 | N30: =SUM(B30:M30) -> 97.639977
A31: HSD | B31: 6433.9965 | C31: 8960.3749 | D31: 10802.442 | E31: 10941.49 | F31: 12955.968 | G31: 14046.101 | H31: 14534.119 | I31: 10435.924 | J31: 8446.6275 | K31: 6941.0232 | L31: 7924.0228 | M31: 11096.536 | N31: =SUM(B31:M31) -> 123518.62
A32: LDO | B32: 0 | C32: 0 | D32: 0 | E32: 0 | F32: 0 | G32: 0 | H32: 131.6361 | I32: 232.19735 | J32: 0 | K32: 0 | L32: 0 | M32: 0 | N32: =SUM(B32:M32) -> 363.83345
A33: LOBS/ Lube Oil | B33: 2.88 | C33: 5.56 | D33: 8.86 | E33: 7.22 | F33: 9.46 | G33: 10.92 | H33: 6.42 | I33: 8.85 | J33: 10.54 | K33: 8.37 | L33: 8.41 | M33: 18.51 | N33: =SUM(B33:M33) -> 106
A34: Fuel Oil | B34: 40.42641 | C34: 98.245335 | D34: 218.73405 | E34: 583.69461 | F34: 1029.8589 | G34: 1032.9622 | H34: 1124.7485 | I34: 242.61502 | J34: 993.80293 | K34: 681.24494 | L34: 217.22634 | M34: 273.54807 | N34: =SUM(B34:M34) -> 6537.1073
A35: Bitumen | B35: 0 | C35: 1.1405297 | D35: 9.2947649 | E35: 0 | F35: 6.515428 | G35: 15.921297 | H35: 7.4231193 | I35: 0.3021494 | J35: 14.517575 | K35: 0 | L35: 15.304851 | M35: 1.3777244 | N35: =SUM(B35:M35) -> 71.797439
A36: Others% | B36: 1012.822 | C36: 1025.3973 | D36: 786.4053 | E36: 1097.3939 | F36: 1067.9525 | G36: 999.03696 | H36: 1137.8397 | I36: 996.17934 | J36: 745.18867 | K36: 966.34049 | L36: 831.78928 | M36: 1017.5137 | N36: =SUM(B36:M36) -> 11683.859
A37: TOTAL PRODUCT EXPORT | B37: =SUM(B26:B36) -> 16025.324 | C37: =SUM(C26:C36) -> 21095.703 | D37: =SUM(D26:D36) -> 24105.411 | E37: =SUM(E26:E36) -> 23893.389 | F37: =SUM(F26:F36) -> 25487.994 | G37: =SUM(G26:G36) -> 29710.747 | H37: =SUM(H26:H36) -> 29589.274 | I37: =SUM(I26:I36) -> 22243.116 | ... N37: =SUM(N26:N36) -> 267696.52
A38: NET IMPORT | B38: =+B24-B37 -> 47120.311 | C38: =+C24-C37 -> 56547.432 | D38: =+D24-D37 -> 55465.108 | E38: =+E24-E37 -> 56586.306 | F38: =+F24-F37 -> 53815.18 | G38: =+G24-G37 -> 50502.666 | H38: =+H24-H37 -> 65496.939 | I38: =+I24-I37 -> 46071.951 | ... N38: =+N24-N37 -> 629151.76
A39: Source : Oil Companies & DGCIS, (P) : Provisional
A40: Notes:
A41: RIL SEZ imports/exports included in country's import/export data
A42: ^LNG import not included
A43: & Others in import include Petcoke, Paraffin wax, Petroleum Jelly, Aviation Gas, MTBE, Reformate etc.
A44: @ Nepal sales by IOCL, Nepal and Bhutan sales by BPCL are considered in total exports with average Rupee-US$ exchange rate
A45: ! RIL SEZ's MS export includes export of Alkylates
A46: # ATF exports by RIL does not include ATF sales to foreign going airlines
A47: % Others in export include Petcoke/CBFS, Benzene, Hexane, MTO, Sulphur etc.

Sheet PT_Import_Val_2017-18
G3: Petroleum Planning & Analysis Cell
C5: 2017-18
C6: (` Crore)
C7: Import/Export of Crude oil and Petroleum Products
C8: IMPORT/EXPORT | D8: APRIL | E8: MAY | F8: JUNE | G8: JULY | H8: AUGUST | I8: SEPTEMBER | J8: OCTOBER | K8: NOVEMBER | L8: DECEMBER | M8: JANUARY | N8: FEBRUARY | O8: MARCH | P8: TOTAL
C9: IMPORT^
C10: CRUDE OIL | D10: 43210.211 | E10: 40654.238 | F10: 37459.893 | G10: 37276.692 | H10: 41046.648 | I10: 42201.241 | J10: 48763.242 | K10: 52708.99 | L10: 54759.746 | M10: 61776.803 | N10: 52197.992 | O10: 54394.453 | P10: =SUM(D10:O10) -> 566450.15
C11: PRODUCTS
C12: LPG | D12: 2853.1998 | E12: 2039.8628 | F12: 1634.1871 | G12: 2272.8733 | H12: 3256.0526 | I12: 2865.7339 | J12: 4661.7289 | K12: 4749.4081 | L12: 4368.5272 | M12: 3735.5489 | N12: 2501.0255 | O12: 2937.0491 | P12: =SUM(D12:O12) -> 37875.197
C13: MS | D13: 0 | E13: 0 | F13: 116.92154 | G13: 464.57654 | H13: 0 | I13: 0 | J13: 0 | K13: 0 | L13: 0 | M13: 0 | N13: 0 | O13: 0 | P13: =SUM(D13:O13) -> 581.49809
C14: Naphtha | D14: 269.54218 | E14: 327.74434 | F14: 228.49728 | G14: 501.56809 | H14: 605.86008 | I14: 605.87458 | J14: 821.97462 | K14: 431.4241 | L14: 745.44747 | M14: 1484.1951 | N14: 1179.5432 | O14: 959.5414 | P14: =SUM(D14:O14) -> 8161.2125
C15: ATF | D15: 104.7956 | E15: 85.507218 | F15: 89.035503 | G15: 74.866421 | H15: 86.518391 | I15: 91.594227 | J15: 102.34362 | K15: 139.76068 | L15: 53.242719 | M15: 146.19379 | N15: 54.539577 | O15: 130.91441 | P15: =SUM(D15:O15) -> 1159.3122
C16: SKO | D16: 0 | E16: 0 | F16: 0 | G16: 0 | H16: 0 | I16: 0 | J16: 0 | K16: 0 | L16: 0 | M16: 0 | N16: 0 | O16: 0 | P16: =SUM(D16:O16) -> 0
C17: HSD | D17: 59.174278 | E17: 1393.9209 | F17: 1342.5557 | G17: 951.29559 | H17: 36.906523 | I17: 5.674142 | J17: 12.858037 | K17: 62.539633 | L17: 28.839918 | M17: 44.505849 | N17: 31.615361 | O17: 298.87125 | P17: =SUM(D17:O17) -> 4268.7572
C18: LOBS/ Lube oil | D18: 919.91443 | E18: 847.06065 | F18: 902.57677 | G18: 805.71815 | H18: 630.80441 | I18: 885.73359 | J18: 1006.7066 | K18: 1033.971 | L18: 1045.2783 | M18: 1178.2383 | N18: 1510.276 | O18: 1308.3616 | P18: =SUM(D18:O18) -> 12074.64
C19: Fuel Oil | D19: 197.39466 | E19: 359.31263 | F19: 112.55488 | G19: 211.74062 | H19: 94.765671 | I19: 140.76355 | J19: 323.41302 | K19: 267.76628 | L19: 176.62737 | M19: 303.93725 | N19: 432.34465 | O19: 610.83379 | P19: =SUM(D19:O19) -> 3231.4544
C20: Bitumen | D20: 146.13131 | E20: 229.08952 | F20: 75.834159 | G20: 44.584066 | H20: 88.942724 | I20: 105.79823 | J20: 117.82251 | K20: 135.81767 | L20: 228.97251 | M20: 199.59371 | N20: 275.44853 | O20: 254.23911 | P20: =SUM(D20:O20) -> 1902.2741
C21: Others | D21: 1280.7619 | E21: 1389.6902 | F21: 1602.2615 | G21: 1721.7269 | H21: 1874.3048 | I21: 934.17483 | J21: 1773.1594 | K21: 1124.7181 | L21: 2124.0534 | M21: 1828.3839 | N21: 1273.0731 | O21: 2193.2654 | P21: =SUM(D21:O21) -> 19119.573
C22: PRODUCT IMPORT* | D22: =SUM(D12:D21) -> 5830.9142 | E22: =SUM(E12:E21) -> 6672.1882 | F22: =SUM(F12:F21) -> 6104.4244 | G22: =SUM(G12:G21) -> 7048.9496 | H22: =SUM(H12:H21) -> 6674.1552 | I22: =SUM(I12:I21) -> 5635.347 | J22: =SUM(J12:J21) -> 8820.0068 | K22: =SUM(K12:K21) -> 7945.4055 | ... P22: =SUM(P12:P21) -> 88373.919
C23: TOTAL IMPORT | D23: =+D22+D10 -> 49041.125 | E23: =+E22+E10 -> 47326.426 | F23: =+F22+F10 -> 43564.317 | G23: =+G22+G10 -> 44325.642 | H23: =+H22+H10 -> 47720.803 | I23: =+I10+I22 -> 47836.588 | J23: =+J10+J22 -> 57583.248 | K23: =+K10+K22 -> 60654.396 | L23: =+L10+L22 -> 63530.735 | M23: =+M10+M22 -> 70697.4 | N23: =+N10+N22 -> 59455.858 | O23: =+O10+O22 -> 63087.529 | P23: =+P10+P22 -> 654824.07
C24: PRODUCT EXPORT @
C25: LPG | D25: 138.27 | E25: 118.37 | F25: 95.82 | G25: 87.24 | H25: 81.12 | I25: 112.5 | J25: 119.95 | K25: 157.55 | L25: 150.52 | M25: 165.76 | N25: 122.69 | O25: 151.32 | P25: =SUM(D25:O25) -> 1501.11
C26: MS! | D26: 3972.0564 | E26: 4977.1764 | F26: 3772.7344 | G26: 4346.8682 | H26: 3925.7038 | I26: 4460.3401 | J26: 3877.3983 | K26: 4764.1368 | L26: 4814.8541 | M26: 5167.1353 | N26: 4551.2031 | O26: 5950.4134 | P26: =SUM(D26:O26) -> 54580.02
C27: Naphtha$ | D27: 2256.4612 | E27: 1982.8291 | F27: 2005.3653 | G27: 2452.0511 | H27: 1806.6059 | I27: 2022.5979 | J27: 2859.0519 | K27: 2788.9351 | L27: 2476.7407 | M27: 2924.4133 | N27: 2915.1995 | O27: 2584.5558 | P27: =SUM(D27:O27) -> 29074.807
C28: ATF# | D28: 1803.5263 | E28: 1493.1661 | F28: 1653.7288 | G28: 1614.7666 | H28: 1795.3803 | I28: 1958.3008 | J28: 2261.12 | K28: 2099.346 | L28: 2608.5501 | M28: 2578.5963 | N28: 2542.4213 | O28: 2939.0516 | P28: =SUM(D28:O28) -> 25347.954
C29: SKO | D29: 5.12 | E29: 5.66 | F29: 6.46 | G29: 6.35 | H29: 3.61 | I29: 5.01 | J29: 5.45 | K29: 6.45 | L29: 5.39 | M29: 5.92 | N29: 6 | O29: 6.7 | P29: =SUM(D29:O29) -> 68.12
C30: HSD | D30: 6931.0152 | E30: 5826.984 | F30: 5673.7838 | G30: 6241.4045 | H30: 8398.6251 | I30: 9956.5712 | J30: 9884.16 | K30: 9269.1962 | L30: 10500.115 | M30: 10392.025 | N30: 8620.1456 | O30: 7760.0449 | P30: =SUM(D30:O30) -> 99454.07
C31: LDO | D31: 0 | E31: 8.7306399 | F31: 0 | G31: 8.4012821 | H31: 0 | I31: 0 | J31: 9.9202083 | K31: 10.432017 | L31: 0 | M31: 0 | N31: 0 | O31: 0 | P31: =SUM(D31:O31) -> 37.484147
C32: LOBS/ Lube Oil | D32: 4.58 | E32: 3.07 | F32: 8.61 | G32: 17.914726 | H32: 20.391587 | I32: 7.26 | J32: 6.54 | K32: 8.69 | L32: 8.4 | M32: 8.51 | N32: 10.13 | O32: 14.26 | P32: =SUM(D32:O32) -> 118.35631
C33: Fuel Oil | D33: 215.49016 | E33: 248.08042 | F33: 144.29358 | G33: 707.08338 | H33: 610.25276 | I33: 855.74198 | J33: 581.7433 | K33: 530.63631 | L33: 196.53708 | M33: 461.01321 | N33: 346.72176 | O33: 393.42563 | P33: =SUM(D33:O33) -> 5291.0196
C34: Bitumen | D34: 0 | E34: 5.7844 | F34: 4.9246345 | G34: 7.027936 | H34: 37.265695 | I34: 11.630824 | J34: 19.913277 | K34: 5.2618042 | L34: 7.1471747 | M34: 7.1271476 | N34: 0 | O34: 12.525887 | P34: =SUM(D34:O34) -> 118.60878
C35: Others | D35: 978.02469 | E35: 814.07194 | F35: 727.84978 | G35: 655.94275 | H35: 970.71759 | I35: 882.85293 | J35: 763.67062 | K35: 902.7669 | L35: 764.43569 | M35: 1084.6254 | N35: 612.64724 | O35: 638.60442 | P35: =SUM(D35:O35) -> 9796.21
C36: TOTAL PRODUCT EXPORT | D36: =SUM(D25:D35) -> 16304.544 | E36: =SUM(E25:E35) -> 15483.923 | F36: =SUM(F25:F35) -> 14093.57 | G36: =SUM(G25:G35) -> 16145.05 | H36: =SUM(H25:H35) -> 17649.673 | I36: =SUM(I25:I35) -> 20272.806 | J36: =SUM(J25:J35) -> 20388.918 | K36: =SUM(K25:K35) -> 20543.401 | ... P36: =SUM(P25:P35) -> 225387.76
C37: NET IMPORT | D37: =+D23-D36 -> 32736.581 | E37: =+E23-E36 -> 31842.503 | F37: =+F23-F36 -> 29470.747 | G37: =+G23-G36 -> 28180.592 | H37: =+H23-H36 -> 30071.13 | I37: =+I23-I36 -> 27563.782 | J37: =+J23-J36 -> 37194.331 | K37: =+K23-K36 -> 40110.995 | ... P37: =+P23-P36 -> 429436.31
C38: Source: Oil Companies & DGCIS P= Provisional
C39: Notes:
C40: RIL SEZ imports/exports included in country's import/export data
C41: ^LNG import not included
C42: & Others in import include Petcoke, Paraffin wax, Petroleum Jelly, Aviation Gas, MTBE, Reformate etc.
C43: @ Nepal sales by IOCL, Nepal and Bhutan sales by BPCL are considered in total exports with average Rupee-US$ exchange rate
C44: ! RIL SEZ's MS export includes export of Alkylates
C45: # ATF exports by RIL does not include ATF sales to foreign going airlines
C46: % Others in export include Petcoke/CBFS, Benzene, Hexane, MTO, Sulphur etc.

Sheet PT_Import_Val_2016-17 
G3: Petroleum Planning & Analysis Cell
C5: 2016-17
C6: (` Crore)
C7: Import/Export of Crude oil and Petroleum Products
C8: IMPORT/EXPORT | D8: APRIL | E8: MAY | F8: JUNE | G8: JULY | H8: AUGUST | I8: SEPTEMBER | J8: OCTOBER | K8: NOVEMBER | L8: DECEMBER | M8: JANUARY | N8: FEBRUARY | O8: MARCH | P8: TOTAL
C9: IMPORT^
C10: CRUDE OIL | D10: 31918.857 | E10: 35316.585 | F10: 38009.408 | G10: 35269.802 | H10: 39025.192 | I10: 36189.706 | J10: 40753.817 | K10: 40677.16 | L10: 42729.455 | M10: 44554.497 | N10: 42015.924 | O10: 43698.914 | P10: =SUM(D10:O10) -> 470159.32
C11: PRODUCTS
C12: LPG | D12: 1995.8067 | E12: 2251.919 | F12: 2063.7412 | G12: 1815.9858 | H12: 1582.9281 | I12: 1815.2617 | J12: 2623.8014 | K12: 3126.93 | L12: 3308.7469 | M12: 3006.727 | N12: 3916.202 | O12: 4616.3694 | P12: =SUM(D12:O12) -> 32124.419
C13: MS | D13: 234.37629 | E13: 558.43781 | F13: 138.64224 | G13: 0 | H13: 281.30069 | I13: 285.39443 | J13: 0 | K13: 118.99463 | L13: 0 | M13: 0 | N13: 0 | O13: 0 | P13: =SUM(D13:O13) -> 1617.1461
C14: Naphtha | D14: 860.78791 | E14: 607.17225 | F14: 717.78619 | G14: 799.24761 | H14: 672.02343 | I14: 665.86015 | J14: 640.05046 | K14: 766.76977 | L14: 767.69736 | M14: 319.97557 | N14: 746.25701 | O14: 810.32079 | P14: =SUM(D14:O14) -> 8373.9485
C15: ATF | D15: 66.882495 | E15: 89.318637 | F15: 100.66087 | G15: 91.812217 | H15: 79.506985 | I15: 123.49421 | J15: 23.266742 | K15: 121.73457 | L15: 150.57216 | M15: 112.2452 | N15: 123.33195 | O15: 26.125116 | P15: =SUM(D15:O15) -> 1108.9512
C16: SKO | D16: 0 | E16: 0 | F16: 0 | G16: 0 | H16: 0 | I16: 0 | J16: 0 | K16: 0 | L16: 0 | M16: 0 | N16: 0 | O16: 0 | P16: =SUM(D16:O16) -> 0
C17: HSD | D17: 1326.6186 | E17: 643.97766 | F17: 2.2629915 | G17: 4.389593 | H17: 1.7036482 | I17: 0.8601201 | J17: 16.772917 | K17: 8.2626023 | L17: 356.67212 | M17: 575.96635 | N17: 20.102659 | O17: 1.2464123 | P17: =SUM(D17:O17) -> 2958.8357
C18: LOBS/ Lube oil | D18: 653.54392 | E18: 588.2058 | F18: 879.08634 | G18: 963.10339 | H18: 679.00256 | I18: 545.39278 | J18: 744.1953 | K18: 724.31391 | L18: 740.745 | M18: 729.88481 | N18: 750.2557 | O18: 627.55503 | P18: =SUM(D18:O18) -> 8625.2845
C19: Fuel Oil | D19: 107.85544 | E19: 159.73612 | F19: 165.12621 | G19: 149.766 | H19: 55.450011 | I19: 270.24306 | J19: 154.61757 | K19: 147.16786 | L19: 196.97834 | M19: 119.03943 | N19: 140.11296 | O19: 181.60862 | P19: =SUM(D19:O19) -> 1847.7016
C20: Bitumen | D20: 181.82914 | E20: 229.80427 | F20: 131.47056 | G20: 39.69485 | H20: 43.291761 | I20: 40.278857 | J20: 141.5728 | K20: 116.90347 | L20: 160.98604 | M20: 160.88704 | N20: 187.15131 | O20: 204.24611 | P20: =SUM(D20:O20) -> 1638.1162
C21: Others | D21: 986.5935 | E21: 809.70025 | F21: 915.64514 | G21: 885.00813 | H21: 1555.9376 | I21: 1415.9378 | J21: 1280.1302 | K21: 947.4982 | L21: 880.39616 | M21: 1293.8653 | N21: 1028.3657 | O21: 1272.2057 | P21: =SUM(D21:O21) -> 13271.284
C22: PRODUCT IMPORT* | D22: =SUM(D12:D21) -> 6414.294 | E22: =SUM(E12:E21) -> 5938.2718 | F22: =SUM(F12:F21) -> 5114.4218 | G22: =SUM(G12:G21) -> 4749.0076 | H22: =SUM(H12:H21) -> 4951.1447 | I22: =SUM(I12:I21) -> 5162.7231 | J22: =SUM(J12:J21) -> 5624.4074 | K22: =SUM(K12:K21) -> 6078.575 | ... P22: =SUM(P12:P21) -> 71565.687
C23: TOTAL IMPORT | D23: =+D22+D10 -> 38333.151 | E23: =+E22+E10 -> 41254.857 | F23: =+F22+F10 -> 43123.83 | G23: =+G22+G10 -> 40018.81 | H23: =+H22+H10 -> 43976.337 | I23: =+I10+I22 -> 41352.429 | J23: =+J10+J22 -> 46378.225 | K23: =+K10+K22 -> 46755.735 | L23: =+L10+L22 -> 49292.249 | M23: =+M10+M22 -> 50873.087 | N23: =+N10+N22 -> 48927.703 | O23: =+O10+O22 -> 51438.591 | P23: =+P10+P22 -> 541725
C24: PRODUCT EXPORT @
C25: LPG | D25: 88.37 | E25: 101.81 | F25: 109.87 | G25: 89.68 | H25: 69.38 | I25: 64.16 | J25: 78.01 | K25: 81.49 | L25: 116.3 | M25: 109.31 | N25: 113.92 | O25: 145.41 | P25: =SUM(D25:O25) -> 1167.71 | Q25: 1167.71
C26: MS! | D26: 4308.4211 | E26: 5199.1407 | F26: 4936.8229 | G26: 4000.7457 | H26: 3710.6674 | I26: 4076.0605 | J26: 4432.1442 | K26: 3723.8837 | L26: 3851.5462 | M26: 4047.0203 | N26: 4762.0192 | O26: 5871.0705 | P26: =SUM(D26:O26) -> 52919.542 | Q26: 52919.542
C27: Naphtha$ | D27: 1237.6113 | E27: 1578.5245 | F27: 1657.3779 | G27: 1661.1147 | H27: 2170.3115 | I27: 2320.1058 | J27: 2103.8267 | K27: 2004.7258 | L27: 2647.7615 | M27: 2692.6502 | N27: 1800.4057 | O27: 2741.485 | P27: =SUM(D27:O27) -> 24615.901 | Q27: 24615.901
C28: ATF# | D28: 1741.1216 | E28: 1708.8185 | F28: 1988.0083 | G28: 1426.28 | H28: 1877.6249 | I28: 1555.3157 | J28: 1986.3656 | K28: 1722.0095 | L28: 2367.4357 | M28: 1858.4496 | N28: 1709.0322 | O28: 2353.6759 | P28: =SUM(D28:O28) -> 22294.138 | Q28: 22294.138
C29: SKO | D29: 5.17 | E29: 4.12 | F29: 4.23 | G29: 4.17 | H29: 3.57 | I29: 4.54 | J29: 4.49 | K29: 3.81 | L29: 4.88 | M29: 5.24 | N29: 4.53 | O29: 5.66 | P29: =SUM(D29:O29) -> 54.41 | Q29: 54.41
C30: HSD | D30: 5091.7545 | E30: 4042.0307 | F30: 6660.1952 | G30: 6394.3282 | H30: 7620.6613 | I30: 7737.6359 | J30: 8213.1939 | K30: 7073.0616 | L30: 7016.3214 | M30: 6080.8089 | N30: 5843.8271 | O30: 8083.4422 | P30: =SUM(D30:O30) -> 79857.261 | Q30: 79857.261
C31: LDO | D31: 0 | E31: 0 | F31: 0 | G31: 0.0890983 | H31: 0 | I31: 0 | J31: 0 | K31: 52.33305 | L31: 0 | M31: 114.42385 | N31: 130.09089 | O31: 101.9205 | P31: =SUM(D31:O31) -> 398.85739 | Q31: 398.85739
C32: LOBS/ Lube Oil | D32: 3.9040697 | E32: 12.010889 | F32: 19.9798 | G32: 6.5 | H32: 7.6 | I32: 8.39 | J32: 5.74 | K32: 6.44 | L32: 7.38 | M32: 5.99 | N32: 7.8 | O32: 12.01 | P32: =SUM(D32:O32) -> 103.74476 | Q32: 103.74476
C33: Fuel Oil | D33: 112.64485 | E33: 175.49147 | F33: 281.64993 | G33: 292.71188 | H33: 518.00002 | I33: 381.16311 | J33: 599.55087 | K33: 623.75877 | L33: 277.76192 | M33: 203.81793 | N33: 106.71258 | O33: 356.53574 | P33: =SUM(D33:O33) -> 3929.7991 | Q33: 3929.7991
C34: Bitumen | D34: 5.0640341 | E34: 0 | F34: 4.3751302 | G34: 3.1433825 | H34: 5.2517325 | I34: 3.3161424 | J34: 5.3817691 | K34: 0 | L34: 0 | M34: 5.0938463 | N34: 1.221 | O34: 4.12099 | P34: =SUM(D34:O34) -> 36.968027 | Q34: 36.968027
C35: Others | D35: 348.8198 | E35: 706.32686 | F35: 506.06876 | G35: 558.19497 | H35: 523.49245 | I35: 624.27239 | J35: 1029.9903 | K35: 482.37128 | L35: 1111.0743 | M35: 1793.9489 | N35: 960.25115 | O35: 869.50058 | P35: =SUM(D35:O35) -> 9514.3118 | Q35: 9514.3118
C36: TOTAL PRODUCT EXPORT | D36: =SUM(D25:D35) -> 12942.881 | E36: =SUM(E25:E35) -> 13528.274 | F36: =SUM(F25:F35) -> 16168.578 | G36: =SUM(G25:G35) -> 14436.958 | H36: =SUM(H25:H35) -> 16506.559 | I36: =SUM(I25:I35) -> 16774.96 | J36: =SUM(J25:J35) -> 18458.693 | K36: =SUM(K25:K35) -> 15773.884 | ... P36: =SUM(P25:P35) -> 194892.64
C37: NET IMPORT | D37: =+D23-D36 -> 25390.27 | E37: =+E23-E36 -> 27726.583 | F37: =+F23-F36 -> 26955.252 | G37: =+G23-G36 -> 25581.852 | H37: =+H23-H36 -> 27469.778 | I37: =+I23-I36 -> 24577.47 | J37: =+J23-J36 -> 27919.532 | K37: =+K23-K36 -> 30981.851 | ... P37: =+P23-P36 -> 346832.36
C38: Source: Oil Companies & DGCIS P= Provisional
C39: Notes:
C40: RIL SEZ imports/exports included in country's import/export data
C41: ^LNG import not included
C42: & Others in import include Petcoke, Paraffin wax, Petroleum Jelly, Aviation Gas, MTBE, Reformate etc.
C43: @ Nepal sales by IOCL, Nepal and Bhutan sales by BPCL are considered in total exports with average Rupee-US$ exchange rate
C44: ! RIL SEZ's MS export includes export of Alkylates
C45: # ATF exports by RIL does not include ATF sales to foreign going airlines
C46: % Others in export include Petcoke/CBFS, Benzene, Hexane, MTO, Sulphur etc.

Sheet PT_IMPORT_VALRS_H_2015-16
E3: Petroleum Planning & Analysis Cell
A6: 2015-16
A7: ('Rs. Crore)
A8: Import/Export of Crude oil and Petroleum Products
A9: IMPORT/EXPORT | B9: APRIL | C9: MAY | D9: JUNE | E9: JULY | F9: AUGUST | G9: SEPTEMBER | H9: OCTOBER | I9: NOVEMBER | J9: DECEMBER | K9: JANUARY | L9: FEBRUARY | M9: MARCH | N9: TOTAL
A10: IMPORTS^
A11: CRUDE OIL | B11: 39216.378 | C11: 48052.273 | D11: 42815.8 | E11: 45571.31 | F11: 39024.212 | G11: 32786.019 | H11: 32407.056 | I11: 31642.854 | J11: 29280.45 | K11: 24202.801 | L11: 22542.044 | M11: 29037.648 | N11: =SUM(B11:M11) -> 416578.84
A12: PRODUCTS
A13: LPG | B13: 2224.8469 | C13: 2648.9057 | D13: 1994.1907 | E13: 2098.146 | F13: 2897.7319 | G13: 1645.2498 | H13: 1874.33 | I13: 2193.5463 | J13: 2646.8161 | K13: 2239.9267 | L13: 1602.5842 | M13: 1711.5652 | N13: =SUM(B13:M13) -> 25777.839
A14: MS | B14: 517.39768 | C14: 745.55 | D14: 840.83009 | E14: 568.32001 | F14: 134.45 | G14: 196.49898 | H14: 523.89877 | I14: 119.26284 | J14: 324.3486 | K14: 172.182 | L14: 0 | M14: 64.703837 | N14: =SUM(B14:M14) -> 4207.4428
A15: Naphtha | B15: 519.17141 | C15: 1393.4899 | D15: 1323.6603 | E15: 1288.5584 | F15: 956.99804 | G15: 548.81491 | H15: 758.77592 | I15: 392.03092 | J15: 653.25593 | K15: 652.01503 | L15: 496.64767 | M15: 597.18459 | N15: =SUM(B15:M15) -> 9580.6031
A16: ATF | B16: 74.784599 | C16: 24.608784 | D16: 143.07363 | E16: 102.78656 | F16: 69.82638 | G16: 70.792513 | H16: 71.482282 | I16: 93.078882 | J16: 76.024404 | K16: 15.217496 | L16: 48.058191 | M16: 99.070778 | N16: =SUM(B16:M16) -> 888.80449
A17: SKO | B17: 131.84444 | C17: 0 | D17: 26.276287 | E17: 0 | F17: 0 | G17: 0 | H17: 0 | I17: 0 | J17: 0 | K17: 0 | L17: 0 | M17: 0 | N17: =SUM(B17:M17) -> 158.12073
A18: HSD | B18: 6.5849442 | C18: 2.3142457 | D18: 144.68808 | E18: 11.2246 | F18: 2.7867064 | G18: 3.8881933 | H18: 26.505743 | I18: 43.163345 | J18: 40.742342 | K18: 10.273536 | L18: 162.72807 | M18: 150.29457 | N18: =SUM(B18:M18) -> 605.19438
A19: LOBS/ Lube oil | B19: 928.44695 | C19: 715.39495 | D19: 916.12617 | E19: 875.88517 | F19: 787.47055 | G19: 876.16555 | H19: 658.32135 | I19: 844.94317 | J19: 791.74623 | K19: 780.64779 | L19: 596.33857 | M19: 706.19427 | N19: =SUM(B19:M19) -> 9477.6807
A20: Fuel Oil | B20: 94.853579 | C20: 138.56429 | D20: 693.17269 | E20: 121.96092 | F20: 125.57756 | G20: 235.5269 | H20: 180.59073 | I20: 115.69887 | J20: 100.18828 | K20: 378.68151 | L20: 48.527799 | M20: 146.26864 | N20: =SUM(B20:M20) -> 2379.6118
A21: Bitumen | B21: 211.05283 | C21: 224.09136 | D21: 198.59379 | E21: 120.6822 | F21: 89.453875 | G21: 82.993477 | H21: 206.77866 | I21: 149.86469 | J21: 191.03957 | K21: 118.35221 | L21: 81.49244 | M21: 157.12834 | N21: =SUM(B21:M21) -> 1831.5235
A22: Others& | B22: 781.0421 | C22: 922.62093 | D22: 903.71904 | E22: 928.05912 | F22: 1020.2692 | G22: 1066.666 | H22: 997.19947 | I22: 778.38732 | J22: 703.70276 | K22: 881.23896 | L22: 794.84453 | M22: 676.45353 | N22: =SUM(B22:M22) -> 10454.203
A23: PRODUCT IMPORT | B23: =SUM(B13:B22) -> 5490.0254 | C23: =SUM(C13:C22) -> 6815.5402 | D23: =SUM(D13:D22) -> 7184.3307 | E23: =SUM(E13:E22) -> 6115.623 | F23: =SUM(F13:F22) -> 6084.5642 | G23: =SUM(G13:G22) -> 4726.5963 | H23: =SUM(H13:H22) -> 5297.8829 | I23: =SUM(I13:I22) -> 4729.9764 | ... N23: =SUM(N13:N22) -> 65361.024
A24: TOTAL IMPORT | B24: =+B23+B11 -> 44706.404 | C24: =+C23+C11 -> 54867.813 | D24: =+D23+D11 -> 50000.131 | E24: =+E23+E11 -> 51686.933 | F24: =+F23+F11 -> 45108.776 | G24: =+G11+G23 -> 37512.615 | H24: =+H11+H23 -> 37704.938 | I24: =+I11+I23 -> 36372.831 | J24: =+J11+J23 -> 34808.314 | K24: =+K11+K23 -> 29451.336 | L24: =+L11+L23 -> 26373.266 | M24: =+M11+M23 -> 33346.512 | N24: =+N11+N23 -> 481939.87
A25: PRODUCT EXPORT
A26: PRODUCT EXPORT@ | B26: 102.41 | C26: 81.88 | D26: 88.48 | E26: 90.65 | F26: 76.51 | G26: 48.99 | H26: 22.56 | I26: 18.74 | J26: 30.87 | K26: 53.32 | L26: 65.73 | M26: 104.81 | N26: =SUM(B26:M26) -> 784.95
A27: MS! | B27: 3796.9354 | C27: 6089.4519 | D27: 6006.9254 | E27: 5756.2179 | F27: 5383.7288 | G27: 4909.9494 | H27: 5239.8644 | I27: 4639.512 | J27: 4768.132 | K27: 4309.3332 | L27: 4116.072 | M27: 4559.2693 | N27: =SUM(B27:M27) -> 59575.392
A28: Naphtha | B28: 1929.8845 | C28: 1763.0769 | D28: 2123.1476 | E28: 2080.5417 | F28: 1805.9651 | G28: 1530.7008 | H28: 1032.4708 | I28: 1592.3008 | J28: 1897.0072 | K28: 1297.5967 | L28: 1492.5717 | M28: 1511.2466 | N28: =SUM(B28:M28) -> 20056.51
A29: ATF# | B29: 549.5338 | C29: 992.80158 | D29: 1425.1325 | E29: 1617.9189 | F29: 1712.2396 | G29: 2011.4089 | H29: 908.41297 | I29: 1386.6004 | J29: 962.71825 | K29: 1399.8029 | L29: 1276.9259 | M29: 1763.5857 | N29: =SUM(B29:M29) -> 16007.081
A30: SKO | B30: 3.83 | C30: 4.3 | D30: 4.75 | E30: 4.49 | F30: 2.72 | G30: 1.87 | H30: 1.11 | I30: 0.73 | J30: 2.39 | K30: 3.09 | L30: 2.42 | M30: 3.61 | N30: =SUM(B30:M30) -> 35.31
A31: HSD | B31: 4851.8691 | C31: 5700.2385 | D31: 6543.6185 | E31: 6723.8897 | F31: 6758.978 | G31: 6268.7465 | H31: 5217.7889 | I31: 6451.7223 | J31: 4146.2212 | K31: 4357.5339 | L31: 4693.4819 | M31: 4778.233 | N31: =SUM(B31:M31) -> 66492.321
A32: LDO | B32: 0 | C32: 0 | D32: 0 | E32: 0 | F32: 0 | G32: 0 | H32: 0 | I32: 0 | J32: 0 | K32: 0 | L32: 0 | M32: 0 | N32: =SUM(B32:M32) -> 0
A33: LOBS/ Lube Oil | B33: 20.349685 | C33: 7.2763216 | D33: 19.447322 | E33: 8.6483104 | F33: 7.0297497 | G33: 4.1369104 | H33: 6.8957351 | I33: 4.199001 | J33: 17.546597 | K33: 8.5228483 | L33: 8.5455766 | M33: 14.491929 | N33: =SUM(B33:M33) -> 127.08999
A34: Fuel Oil | B34: 726.76423 | C34: 1130.9194 | D34: 280.15539 | E34: 295.9817 | F34: 421.27572 | G34: 404.57193 | H34: 191.45666 | I34: 270.0836 | J34: 226.90799 | K34: 155.1334 | L34: 232.58312 | M34: 135.1535 | N34: =SUM(B34:M34) -> 4470.9867
A35: Bitumen | B35: 13.807772 | C35: 21.509356 | D35: 16.92841 | E35: 7.9053822 | F35: 28.833376 | G35: 16.124204 | H35: 28.277083 | I35: 5.6408888 | J35: 11.507253 | K35: 11.75675 | L35: 5.5354611 | M35: 8.3709694 | N35: =SUM(B35:M35) -> 176.19691
A36: Others% | B36: 802.56097 | C36: 1214.144 | D36: 995.14446 | E36: 844.0593 | F36: 892.32615 | G36: 700.80929 | H36: 706.24886 | I36: 788.98389 | J36: 539.80978 | K36: 546.30113 | L36: 546.76883 | M36: 476.5863 | N36: =SUM(B36:M36) -> 9053.7429
A37: TOTALPRODUCT EXPORT | B37: =SUM(B26:B36) -> 12797.945 | C37: =SUM(C26:C36) -> 17005.598 | D37: =SUM(D26:D36) -> 17503.73 | E37: =SUM(E26:E36) -> 17430.303 | F37: =SUM(F26:F36) -> 17089.607 | G37: =SUM(G26:G36) -> 15897.308 | H37: =SUM(H26:H36) -> 13355.085 | I37: =SUM(I26:I36) -> 15158.513 | ... N37: =SUM(N26:N36) -> 176779.58
A38: NET IMPORT | B38: =+B24-B37 -> 31908.458 | C38: =+C24-C37 -> 37862.215 | D38: =+D24-D37 -> 32496.402 | E38: =+E24-E37 -> 34256.63 | F38: =+F24-F37 -> 28019.169 | G38: =+G24-G37 -> 21615.307 | H38: =+H24-H37 -> 24349.853 | I38: =+I24-I37 -> 21214.318 | ... N38: =+N24-N37 -> 305160.29
A39: Source: Oil Companies & DGCIS P= Provisional
A40: Notes:
A41: RIL SEZ imports/exports included in country's import/export data
A42: ^LNG import not included
A43: & Others in import include Petcoke, Paraffin wax, Petroleum Jelly, Aviation Gas, MTBE, Reformate etc.
A44: @ Nepal sales by IOCL, Nepal and Bhutan sales by BPCL are considered in total exports with average Rupee-US$ exchange rate
A45: ! RIL SEZ's MS export includes export of Alkylates
A46: # ATF exports by RIL does not include ATF sales to foreign going airlines
A47: % Others in export include Petcoke/CBFS, Benzene, Hexane, MTO, Sulphur etc.

Sheet PT_IMPORT_VALRS_H_2014-15
E3: Petroleum Planning & Analysis Cell
A6: 2014-15
A7: ('Rs. Crore)
A8: Import/Export of Crude oil and Petroleum Products
A9: IMPORT/EXPORT | B9: APRIL | C9: MAY | D9: JUNE | E9: JULY | F9: AUGUST | G9: SEPTEMBER | H9: OCTOBER | I9: NOVEMBER | J9: DECEMBER | K9: JANUARY | L9: FEBRUARY | M9: MARCH | N9: TOTAL
A10: IMPORTS^
A11: CRUDE OIL | B11: 76659.133 | C11: 67593.079 | D11: 74463.441 | E11: 65441.015 | F11: 70817.846 | G11: 67561.556 | H11: 61793.601 | I11: 50780.972 | J11: 46633.338 | K11: 37561.515 | L11: 29836.441 | M11: 38274.238 | N11: =SUM(B11:M11) -> 687416.17
A12: PRODUCTS
A13: LPG | B13: 3438.8179 | C13: 3279.9394 | D13: 2976.4697 | E13: 3786.0806 | F13: 3188.87 | G13: 3774.4555 | H13: 3482.6452 | I13: 2655.8573 | J13: 3101.6251 | K13: 2187.8529 | L13: 1977.7077 | M13: 2720.2253 | N13: =SUM(B13:M13) -> 36570.547
A14: MS | B14: 0 | C14: 0 | D14: 414.38217 | E14: 959.65409 | F14: 305.76487 | G14: 130.49608 | H14: 221.69337 | I14: 82.681348 | J14: 0 | K14: 0 | L14: 0 | M14: 186.48 | N14: =SUM(B14:M14) -> 2301.1519
A15: Naphtha | B15: 273.19872 | C15: 406.13137 | D15: 422.04516 | E15: 431.97563 | F15: 612.1391 | G15: 353.04642 | H15: 0 | I15: 136.50391 | J15: 167.35629 | K15: 230.56247 | L15: 438.14453 | M15: 1120.9356 | N15: =SUM(B15:M15) -> 4592.0392
A16: ATF | B16: 65.610269 | C16: 31.740009 | D16: 0 | E16: 33.262718 | F16: 87.657592 | G16: 123.37089 | H16: 74.731323 | I16: 27.571157 | J16: 69.362377 | K16: 72.369548 | L16: 39.158876 | M16: 81.246514 | N16: =SUM(B16:M16) -> 706.08128
A17: SKO | B17: 0 | C17: 171.71028 | D17: 0 | E17: 0 | F17: 0 | G17: 0 | H17: 0 | I17: 0 | J17: 0 | K17: 0 | L17: 0 | M17: 0 | N17: =SUM(B17:M17) -> 171.71028
A18: HSD | B18: 0.8344737 | C18: 36.807654 | D18: 14.564317 | E18: 291.9939 | F18: 8.0312019 | G18: 29.972974 | H18: 56.427879 | I18: 57.390216 | J18: 49.610952 | K18: 18.595764 | L18: 37.592841 | M18: 67.726988 | N18: =SUM(B18:M18) -> 669.54916
A19: LOBS/ Lube oil | B19: 1656.6285 | C19: 2010.3654 | D19: 755.12424 | E19: 1001.7432 | F19: 1428.7935 | G19: 916.2564 | H19: 1142.4095 | I19: 950.28627 | J19: 754.49803 | K19: 552.10769 | L19: 735.76097 | M19: 797.55331 | N19: =SUM(B19:M19) -> 12701.527
A20: Fuel Oil | B20: 759.4969 | C20: 578.13007 | D20: 570.19317 | E20: 93.832923 | F20: 397.8908 | G20: 294.7524 | H20: 46.897089 | I20: 212.99134 | J20: 89.251449 | K20: 352.45966 | L20: 124.54415 | M20: 138.49117 | N20: =SUM(B20:M20) -> 3658.9311
A21: Bitumen | B21: 119.50494 | C21: 129.2245 | D21: 100.27 | E21: 51.122951 | F21: 85.593704 | G21: 65.843047 | H21: 99.247646 | I21: 184.87471 | J21: 283.27334 | K21: 149.07345 | L21: 159.78106 | M21: 195.35393 | N21: =SUM(B21:M21) -> 1623.1633
A22: Others& | B22: 937.74891 | C22: 711.69957 | D22: 1088.5348 | E22: 1028.0337 | F22: 987.74483 | G22: 1277.9135 | H22: 813.0766 | I22: 1513.1771 | J22: 729.19174 | K22: 835.42937 | L22: 848.52905 | M22: 878.35729 | N22: =SUM(B22:M22) -> 11649.436
A23: PRODUCT IMPORT | B23: =SUM(B13:B22) -> 7251.8406 | C23: =SUM(C13:C22) -> 7355.7483 | D23: =SUM(D13:D22) -> 6341.5836 | E23: =SUM(E13:E22) -> 7677.6998 | F23: =SUM(F13:F22) -> 7102.4856 | G23: =SUM(G13:G22) -> 6966.1072 | H23: =SUM(H13:H22) -> 5937.1287 | I23: =SUM(I13:I22) -> 5821.3333 | ... N23: =SUM(N13:N22) -> 74644.137
A24: TOTAL IMPORT | B24: =+B23+B11 -> 83910.973 | C24: =+C23+C11 -> 74948.828 | D24: =+D23+D11 -> 80805.025 | E24: =+E23+E11 -> 73118.714 | F24: =+F23+F11 -> 77920.331 | G24: =+G11+G23 -> 74527.663 | H24: =+H11+H23 -> 67730.729 | I24: =+I11+I23 -> 56602.305 | J24: =+J11+J23 -> 51877.507 | K24: =+K11+K23 -> 41959.966 | L24: =+L11+L23 -> 34197.66 | M24: =+M11+M23 -> 44460.608 | N24: =+N11+N23 -> 762060.31
A25: PRODUCT EXPORT
A26: LPG | B26: 143.71 | C26: 138.14 | D26: 110.90131 | E26: 131.2 | F26: 104.53 | G26: 135.69 | H26: 114.05 | I26: 121.5 | J26: 98.38 | K26: 129.14 | L26: 109.8 | M26: 118.28 | N26: =SUM(B26:M26) -> 1455.3213
A27: MS! | B27: 7606.5932 | C27: 9012.9539 | D27: 8994.1538 | E27: 7636.8542 | F27: 8427.1474 | G27: 7462.0391 | H27: 7245.8064 | I27: 6217.7721 | J27: 6277.3723 | K27: 4200.1077 | L27: 4776.0606 | M27: 4114.1686 | N27: =SUM(B27:M27) -> 81971.029
A28: Naphtha | B28: 3044.3941 | C28: 2939.4921 | D28: 3970.5889 | E28: 3356.372 | F28: 3125.1351 | G28: 3661.1683 | H28: 2318.0932 | I28: 2980.7433 | J28: 1818.3499 | K28: 1643.2192 | L28: 1227.5798 | M28: 1533.8635 | N28: =SUM(B28:M28) -> 31618.999
A29: ATF# | B29: 1342.77 | C29: 2241.61 | D29: 1888.1431 | E29: 2258.5165 | F29: 1707.2831 | G29: 3295.813 | H29: 2511.1162 | I29: 2609.8093 | J29: 2332.4837 | K29: 1563.784 | L29: 1718.041 | M29: 1943.5353 | N29: =SUM(B29:M29) -> 25412.905
A30: SKO | B30: 5.69 | C30: 6.28 | D30: 5.1244827 | E30: 8.22 | F30: 6.96 | G30: 8.19 | H30: 5.78 | I30: 4.9 | J30: 6.22 | K30: 8.63 | L30: 8 | M30: 7.35 | N30: =SUM(B30:M30) -> 81.344483
A31: HSD | B31: 9701.1342 | C31: 10901.432 | D31: 11716.612 | E31: 7300.5339 | F31: 9940.4804 | G31: 14220.228 | H31: 12807.301 | I31: 11204.411 | J31: 8326.8532 | K31: 5799.0519 | L31: 7139.4348 | M31: 6091.5561 | N31: =SUM(B31:M31) -> 115149.03
A32: LDO | B32: 0 | C32: 28.37 | D32: 0 | E32: 0 | F32: 0 | G32: 0 | H32: 0 | I32: 0 | J32: 0 | K32: 0 | L32: 0 | M32: 0 | N32: =SUM(B32:M32) -> 28.37
A33: LOBS/ Lube Oil | B33: 4.5450626 | C33: 10.109112 | D33: 8.7668011 | E33: 5.5854435 | F33: 6.5172611 | G33: 7.4185068 | H33: 6.8185574 | I33: 7.1721157 | J33: 7.8005468 | K33: 19.984859 | L33: 6.3781829 | M33: 8.4570543 | N33: =SUM(B33:M33) -> 99.553503
A34: Fuel Oil | B34: 1244.2649 | C34: 1708.1062 | D34: 1183.4026 | E34: 1658.511 | F34: 1889.9947 | G34: 1651.902 | H34: 1138.7058 | I34: 1125.196 | J34: 1006.4277 | K34: 582.12144 | L34: 333.51523 | M34: 728.58119 | N34: =SUM(B34:M34) -> 14250.729
A35: Bitumen | B35: 30.344378 | C35: 9.6920678 | D35: 35.901908 | E35: 25.827932 | F35: 25.812186 | G35: 0 | H35: 13.586601 | I35: 25.734002 | J35: 23.044106 | K35: 15.786966 | L35: 13.814477 | M35: 25.676575 | N35: =SUM(B35:M35) -> 245.2212
A36: Others% | B36: 1795.5087 | C36: 1579.7466 | D36: 1709.5656 | E36: 1643.6493 | F36: 2174.094 | G36: 2006.0303 | H36: 1652.4945 | I36: 1241.0148 | J36: 1293.8894 | K36: 812.05164 | L36: 920.21183 | M36: 1439.0362 | N36: =SUM(B36:M36) -> 18267.293
A37: TOTALPRODUCT EXPORT | B37: =SUM(B26:B36) -> 24918.954 | C37: =SUM(C26:C36) -> 28575.932 | D37: =SUM(D26:D36) -> 29623.161 | E37: =SUM(E26:E36) -> 24025.27 | F37: =SUM(F26:F36) -> 27407.954 | G37: =SUM(G26:G36) -> 32448.48 | H37: =SUM(H26:H36) -> 27813.753 | I37: =SUM(I26:I36) -> 25538.252 | ... N37: =SUM(N26:N36) -> 288579.8
A38: NET IMPORT | B38: =+B24-B37 -> 58992.019 | C38: =+C24-C37 -> 46372.895 | D38: =+D24-D37 -> 51181.864 | E38: =+E24-E37 -> 49093.444 | F38: =+F24-F37 -> 50512.377 | G38: =+G24-G37 -> 42079.184 | H38: =+H24-H37 -> 39916.977 | I38: =+I24-I37 -> 31064.053 | ... N38: =+N24-N37 -> 473480.52
A39: Source: Oil Companies & DGCIS P= Provisional
A40: Notes:
A41: RIL SEZ imports/exports included in country's import/export data
A42: ^LNG import not included
A43: & Others in import include Petcoke, Paraffin wax, Petroleum Jelly, Aviation Gas, MTBE, Reformate etc.
A44: @ Nepal sales by IOCL, Nepal and Bhutan sales by BPCL are considered in total exports with average Rupee-US$ exchange rate
A45: ! RIL SEZ's MS export includes export of Alkylates
A46: # ATF exports by RIL does not include ATF sales to foreign going airlines
A47: % Others in export include Petcoke/CBFS, Benzene, Hexane, MTO, Sulphur etc.

Sheet PT_IMPORT_VALRS_H_2013-14
E3: Petroleum Planning & Analysis Cell
A6: 2013-14
A7: ('Rs. Crore)
A8: Import/Export of Crude oil and Petroleum Products
A9: IMPORT/EXPORT | B9: APRIL | C9: MAY | D9: JUNE | E9: JULY | F9: AUGUST | G9: SEPTEMBER | H9: OCTOBER | I9: NOVEMBER | J9: DECEMBER | K9: JANUARY | L9: FEBRUARY | M9: MARCH | N9: TOTAL
A10: IMPORTS^
A11: CRUDE OIL | B11: 66459.777 | C11: 69338.752 | D11: 60223.144 | E11: 73726.042 | F11: 83817.531 | G11: 74317.161 | H11: 74210.952 | I11: 69315.829 | J11: 76572.142 | K11: 73504.775 | L11: 77107.329 | M11: 66281.347 | N11: =SUM(B11:M11) -> 864874.78
A12: PRODUCTS
A13: LPG | B13: 2437.7707 | C13: 2736.2575 | D13: 1640.1145 | E13: 2036.1248 | F13: 3102.0461 | G13: 3259.0675 | H13: 3505.0398 | I13: 2082.7924 | J13: 4921.9264 | K13: 4708.3545 | L13: 3905.1393 | M13: 2878.4543 | N13: =SUM(B13:M13) -> 37213.088
A14: MS | B14: 0 | C14: 89.032588 | D14: 714.14587 | E14: 496.28331 | F14: 0 | G14: 0 | H14: 181.55 | I14: 0 | J14: 0 | K14: 0 | L14: 0 | M14: 0 | N14: =SUM(B14:M14) -> 1481.0118
A15: Naphtha | B15: 358.77017 | C15: 329.88716 | D15: 640.67857 | E15: 519.92442 | F15: 581.96668 | G15: 999.3941 | H15: 462.08127 | I15: 685.34057 | J15: 602.99481 | K15: 405.76946 | L15: 358.38328 | M15: 98.892956 | N15: =SUM(B15:M15) -> 6044.0835
A16: ATF | B16: 0 | C16: 0 | D16: 0 | E16: 0 | F16: 0 | G16: 0 | H16: 0 | I16: 0 | J16: 0 | K16: 0 | L16: 0 | M16: 0 | N16: =SUM(B16:M16) -> 0
A17: SKO | B17: 0 | C17: 0 | D17: 0 | E17: 0 | F17: 0 | G17: 0 | H17: 0 | I17: 0 | J17: 0 | K17: 0 | L17: 0 | M17: 0 | N17: =SUM(B17:M17) -> 0
A18: HSD | B18: 22.617462 | C18: 80.604495 | D18: 2.1519586 | E18: 9.991658 | F18: 20.068969 | G18: 4.4380722 | H18: 20.254879 | I18: 175.86844 | J18: 24.586875 | K18: 11.256636 | L18: 52.310269 | M18: 27.525909 | N18: =SUM(B18:M18) -> 451.67562
A19: LOBS/ Lube oil | B19: 805.56716 | C19: 1141.6807 | D19: 818.41282 | E19: 1073.5172 | F19: 1004.7927 | G19: 742.16335 | H19: 1291.2096 | I19: 851.51591 | J19: 1357.9023 | K19: 1622.4151 | L19: 1231.7791 | M19: 1043.563 | N19: =SUM(B19:M19) -> 12984.519
A20: Fuel Oil | B20: 400.62398 | C20: 196.49411 | D20: 182.11213 | E20: 717.66647 | F20: 631.73551 | G20: 609.31511 | H20: 798.68753 | I20: 176.56981 | J20: 542.79357 | K20: 292.34073 | L20: 419.51109 | M20: 790.84859 | N20: =SUM(B20:M20) -> 5758.6986
A21: Bitumen | B21: 74.68194 | C21: 97.172697 | D21: 22.047747 | E21: 22.811111 | F21: 5.1042881 | G21: 15.570307 | H21: 38.48338 | I21: 61.748511 | J21: 76.642618 | K21: 65.748069 | L21: 214.78068 | M21: 106.16895 | N21: =SUM(B21:M21) -> 800.9603
A22: Others& | B22: 708.08898 | C22: 866.99394 | D22: 725.61143 | E22: 970.89978 | F22: 864.11462 | G22: 1181.608 | H22: 876.62445 | I22: 1167.9593 | J22: 681.84386 | K22: 1304.387 | L22: 838.59158 | M22: 975.42565 | N22: =SUM(B22:M22) -> 11162.149
A23: PRODUCT IMPORT | B23: =SUM(B13:B22) -> 4808.1204 | C23: =SUM(C13:C22) -> 5538.1232 | D23: =SUM(D13:D22) -> 4745.275 | E23: =SUM(E13:E22) -> 5847.2187 | F23: =SUM(F13:F22) -> 6209.8289 | G23: =SUM(G13:G22) -> 6811.5564 | H23: =SUM(H13:H22) -> 7173.9309 | I23: =SUM(I13:I22) -> 5201.7949 | ... N23: =SUM(N13:N22) -> 75896.185
A24: TOTAL IMPORT | B24: =+B23+B11 -> 71267.897 | C24: =+C23+C11 -> 74876.875 | D24: =+D23+D11 -> 64968.419 | E24: =+E23+E11 -> 79573.261 | F24: =+F23+F11 -> 90027.36 | G24: =+G11+G23 -> 81128.718 | H24: =+H11+H23 -> 81384.882 | I24: =+I11+I23 -> 74517.624 | J24: =+J11+J23 -> 84780.832 | K24: =+K11+K23 -> 81915.046 | L24: =+L11+L23 -> 84127.824 | M24: =+M11+M23 -> 72202.227 | N24: =+N11+N23 -> 940770.96
A25: PRODUCT EXPORT
A26: LPG | B26: 121.619 | C26: 103.034 | D26: 98.211 | E26: 108.648 | F26: 129.101 | G26: 121.7 | H26: 106.1 | I26: 114.394 | J26: 143.544 | K26: 205.834 | L26: 169.567 | M26: 166.93 | N26: =SUM(B26:M26) -> 1588.682
A27: MS! | B27: 6484.0847 | C27: 7619.3409 | D27: 8792.0541 | E27: 7872.6795 | F27: 8831.0286 | G27: 8298.5542 | H27: 7369.717 | I27: 7009.1823 | J27: 8247.7219 | K27: 6269.767 | L27: 6563.814 | M27: 9619.3763 | N27: =SUM(B27:M27) -> 92977.32
A28: Naphtha | B28: 2957.9666 | C28: 3591.9584 | D28: 3399.4257 | E28: 4110.948 | F28: 4806.9682 | G28: 3995.2757 | H28: 4454.5188 | I28: 3422.1553 | J28: 4235.3893 | K28: 3697.0715 | L28: 3565.2232 | M28: 3822.2705 | N28: =SUM(B28:M28) -> 46059.171
A29: ATF# | B29: 2747.846 | C29: 2704.122 | D29: 1811.646 | E29: 2368.806 | F29: 2751.625 | G29: 3468.6528 | H29: 3205.696 | I29: 3178.9741 | J29: 3088.3709 | K29: 2266.6605 | L29: 2748.9135 | M29: 2904.9959 | N29: =SUM(B29:M29) -> 33246.309
A30: SKO | B30: 6.19 | C30: 6.952 | D30: 7.023 | E30: 8 | F30: 6.493 | G30: 7.464 | H30: 9.284 | I30: 5.242 | J30: 8.958 | K30: 14.168 | L30: 11.703 | M30: 6.978 | N30: =SUM(B30:M30) -> 98.455
A31: HSD | B31: 7714.7773 | C31: 8692.8501 | D31: 9457.4676 | E31: 13080.188 | F31: 14163.91 | G31: 20010.133 | H31: 13573.647 | I31: 11787.541 | J31: 15064.124 | K31: 8863.781 | L31: 11829.178 | M31: 13900.535 | N31: =SUM(B31:M31) -> 148138.13
A32: LDO | B32: 0 | C32: 0 | D32: 0 | E32: 0 | F32: 0 | G32: 0 | H32: 35.053568 | I32: 36.188432 | J32: 29.307445 | K32: 34.417736 | L32: 0 | M32: 0 | N32: =SUM(B32:M32) -> 134.96718
A33: LOBS/ Lube Oil | B33: 20.480149 | C33: 3.6432319 | D33: 41.304593 | E33: 8.880729 | F33: 8.3693369 | G33: 8.5713856 | H33: 5.7906021 | I33: 6.7224149 | J33: 6.2803509 | K33: 9.7885419 | L33: 7.8288871 | M33: 10.690755 | N33: =SUM(B33:M33) -> 138.35098
A34: Fuel Oil | B34: 1628.3 | C34: 1397.6522 | D34: 1923.3805 | E34: 1999.6591 | F34: 2902.3123 | G34: 2130.9617 | H34: 2161.0048 | I34: 1859.5316 | J34: 1632.6987 | K34: 1065.8968 | L34: 1930.6097 | M34: 1775.0795 | N34: =SUM(B34:M34) -> 22407.087
A35: Bitumen | B35: 15.130746 | C35: 21.498925 | D35: 16.916295 | E35: 55.769499 | F35: 51.421917 | G35: 31.75457 | H35: 40.033073 | I35: 34.360431 | J35: 28.408241 | K35: 11.82574 | L35: 12.73741 | M35: 1.4546979 | N35: =SUM(B35:M35) -> 321.31154
A36: Others% | B36: 1213.4212 | C36: 1861.5407 | D36: 1635.8244 | E36: 1474.3869 | F36: 2592.7901 | G36: 2585.5542 | H36: 2214.0656 | I36: 2093.7032 | J36: 2793.3077 | K36: 909.88395 | L36: 1795.1344 | M36: 1999.668 | N36: =SUM(B36:M36) -> 23169.28
A37: TOTALPRODUCT EXPORT | B37: =SUM(B26:B36) -> 22909.816 | C37: =SUM(C26:C36) -> 26002.592 | D37: =SUM(D26:D36) -> 27183.253 | E37: =SUM(E26:E36) -> 31087.966 | F37: =SUM(F26:F36) -> 36244.02 | G37: =SUM(G26:G36) -> 40658.622 | H37: =SUM(H26:H36) -> 33174.911 | I37: =SUM(I26:I36) -> 29547.995 | ... N37: =SUM(N26:N36) -> 368279.07
A38: NET IMPORT | B38: =+B24-B37 -> 48358.081 | C38: =+C24-C37 -> 48874.282 | D38: =+D24-D37 -> 37785.166 | E38: =+E24-E37 -> 48485.295 | F38: =+F24-F37 -> 53783.34 | G38: =+G24-G37 -> 40470.096 | H38: =+H24-H37 -> 48209.972 | I38: =+I24-I37 -> 44969.629 | ... N38: =+N24-N37 -> 572491.9
A39: Source: Oil Companies & DGCIS P= Provisional
A40: Notes:
A41: RIL SEZ imports/exports included in country's import/export data
A42: ^LNG import not included
A43: & Others in import include Petcoke, Paraffin wax, Petroleum Jelly, Aviation Gas, MTBE, Reformate etc.
A44: @ Nepal sales by IOCL, Nepal and Bhutan sales by BPCL are considered in total exports with average Rupee-US$ exchange rate
A45: ! RIL SEZ's MS export includes export of Alkylates
A46: # ATF exports by RIL does not include ATF sales to foreign going airlines
A47: % Others in export include Petcoke/CBFS, Benzene, Hexane, MTO, Sulphur etc.

Sheet PT_IMPORT_VALRS_H 2012-13 
E3: Petroleum Planning & Analysis Cell
A6: 2012-13
A7: ('Rs. Crore)
A8: Import/Export of Crude oil and Petroleum Products
A9: IMPORT/EXPORT | B9: APRIL | C9: MAY | D9: JUNE | E9: JULY | F9: AUGUST | G9: SEPTEMBER | H9: OCTOBER | I9: NOVEMBER | J9: DECEMBER | K9: JANUARY | L9: FEBRUARY | M9: MARCH | N9: TOTAL
A10: IMPORTS^
A11: CRUDE OIL | B11: 68136.593 | C11: 67715.906 | D11: 58525.204 | E11: 58144.213 | F11: 64623.484 | G11: 66273.273 | H11: 70246.435 | I11: 65621.184 | J11: 66755.92 | K11: 77673.895 | L11: 58465.216 | M11: 62470.957 | N11: =SUM(B11:M11) -> 784652.28
A12: PRODUCTS
A13: LPG | B13: 3581.503 | C13: 3062.9691 | D13: 1977.9415 | E13: 1943.4975 | F13: 2321.8002 | G13: 3111.7689 | H13: 2797.9962 | I13: 2883.4605 | J13: 2912.3667 | K13: 2385.3345 | L13: 1975.8022 | M13: 2719.7482 | N13: =SUM(B13:M13) -> 31674.188
A14: MS | B14: 0 | C14: 0 | D14: 0 | E14: 326.31099 | F14: 564.2 | G14: 0 | H14: 0 | I14: 0 | J14: 0 | K14: 0 | L14: 0 | M14: 0 | N14: =SUM(B14:M14) -> 890.51099
A15: Naphtha | B15: 787.61585 | C15: 975.47334 | D15: 919.33561 | E15: 831.64691 | F15: 943.69301 | G15: 1028.5204 | H15: 457.5788 | I15: 1124.9192 | J15: 594.90624 | K15: 500.27511 | L15: 668.39316 | M15: 439.75567 | N15: =SUM(B15:M15) -> 9272.1133
A16: ATF | B16: 0 | C16: 0 | D16: 0 | E16: 0 | F16: 0 | G16: 0 | H16: 0 | I16: 0 | J16: 0 | K16: 0 | L16: 0 | M16: 0 | N16: =SUM(B16:M16) -> 0
A17: SKO | B17: 0 | C17: 0 | D17: 0 | E17: 0 | F17: 0 | G17: 0 | H17: 0 | I17: 0 | J17: 0 | K17: 0 | L17: 0 | M17: 0 | N17: =SUM(B17:M17) -> 0
A18: HSD | B18: 715.24653 | C18: 567.48079 | D18: 290.60645 | E18: 677.56767 | F18: 361.89207 | G18: 9.6880145 | H18: 6.734176 | I18: 10.622537 | J18: 38.891519 | K18: 43.57301 | L18: 22.133095 | M18: 26.511373 | N18: =SUM(B18:M18) -> 2770.9472
A19: LOBS/ Lube oil | B19: 799.51558 | C19: 1077.6533 | D19: 962.02608 | E19: 792.29161 | F19: 1436.8892 | G19: 959.61703 | H19: 800.49096 | I19: 1334.5737 | J19: 598.62303 | K19: 872.10823 | L19: 855.57339 | M19: 849.89056 | N19: =SUM(B19:M19) -> 11339.253
A20: Fuel Oil | B20: 544.55508 | C20: 247.05218 | D20: 194.86306 | E20: 326.52092 | F20: 218.81919 | G20: 390.17157 | H20: 257.41792 | I20: 358.16143 | J20: 314.20641 | K20: 464.30239 | L20: 548.9955 | M20: 352.66433 | N20: =SUM(B20:M20) -> 4217.73
A21: Bitumen | B21: 16.724585 | C21: 37.53895 | D21: 8.045354 | E21: 9.6971748 | F21: 1.4806764 | G21: 6.4393036 | H21: 23.423881 | I21: 34.703189 | J21: 20.35131 | K21: 10.981752 | L21: 43.283035 | M21: 59.447503 | N21: =SUM(B21:M21) -> 272.11671
A22: Others& | B22: 571.34516 | C22: 729.62282 | D22: 652.7419 | E22: 651.12962 | F22: 865.92732 | G22: 593.94307 | H22: 615.92109 | I22: 827.60944 | J22: 642.59624 | K22: 777.90662 | L22: 601.84133 | M22: 884.61146 | N22: =SUM(B22:M22) -> 8415.1961
A23: PRODUCT IMPORT | B23: =SUM(B13:B22) -> 7016.5058 | C23: =SUM(C13:C22) -> 6697.7905 | D23: =SUM(D13:D22) -> 5005.5599 | E23: =SUM(E13:E22) -> 5558.6624 | F23: =SUM(F13:F22) -> 6714.7017 | G23: =SUM(G13:G22) -> 6100.1483 | H23: =SUM(H13:H22) -> 4959.563 | I23: =SUM(I13:I22) -> 6574.05 | ... N23: =SUM(N13:N22) -> 68852.055
A24: TOTAL IMPORT | B24: =+B23+B11 -> 75153.099 | C24: =+C23+C11 -> 74413.697 | D24: =+D23+D11 -> 63530.764 | E24: =+E23+E11 -> 63702.875 | F24: =+F23+F11 -> 71338.186 | G24: =+G11+G23 -> 72373.421 | H24: =+H11+H23 -> 75205.998 | I24: =+I11+I23 -> 72195.234 | J24: =+J11+J23 -> 71877.862 | K24: =+K11+K23 -> 82728.376 | L24: =+L11+L23 -> 63181.238 | M24: =+M11+M23 -> 67803.586 | N24: =+N11+N23 -> 853504.33
A25: PRODUCT EXPORT
A26: LPG | B26: 130.683 | C26: 114.431 | D26: 81.603 | E26: 103.026 | F26: 62.274 | G26: 85.802 | H26: 117.671 | I26: 120.205 | J26: 131.266 | K26: 128.739 | L26: 105.45 | M26: 112.88 | N26: =SUM(B26:M26) -> 1294.03
A27: MS! | B27: 7366.8041 | C27: 7487.6112 | D27: 7381.1652 | E27: 7222.2324 | F27: 8404.8107 | G27: 8992.5962 | H27: 8532.5108 | I27: 7277.9609 | J27: 7941.0899 | K27: 8265.7089 | L27: 6677.3231 | M27: 9796.1003 | N27: =SUM(B27:M27) -> 95345.914
A28: Naphtha | B28: 3512.2244 | C28: 3243.934 | D28: 2907.9667 | E28: 3062.353 | F28: 3851.5336 | G28: 2767.2213 | H28: 4114.284 | I28: 4696.904 | J28: 4386.4329 | K28: 3805.5048 | L28: 3564.0332 | M28: 3620.6942 | N28: =SUM(B28:M28) -> 43533.086
A29: ATF# | B29: 1624.9169 | C29: 1752.1431 | D29: 1206.564 | E29: 1365.991 | F29: 1430.338 | G29: 2212.022 | H29: 2487.124 | I29: 3367.103 | J29: 2620.389 | K29: 2322.53 | L29: 2316.65 | M29: 2517.019 | N29: =SUM(B29:M29) -> 25222.79
A30: SKO | B30: 12.117 | C30: 15.977 | D30: 15.782 | E30: 14.991 | F30: 10.12 | G30: 10.842 | H30: 10.474 | I30: 6.734 | J30: 9.923 | K30: 14.709 | L30: 11 | M30: 7.178 | N30: =SUM(B30:M30) -> 139.847
A31: HSD | B31: 6967.365 | C31: 8222.3834 | D31: 8075.488 | E31: 7967.7965 | F31: 8497.265 | G31: 9795.93 | H31: 13654.904 | I31: 10273.728 | J31: 12978.972 | K31: 9938.1809 | L31: 8112.78 | M31: 11069.014 | N31: =SUM(B31:M31) -> 115553.81
A32: LDO | B32: 40.41 | C32: 0 | D32: 0 | E32: 0 | F32: 0 | G32: 0 | H32: 0 | I32: 0 | J32: 0 | K32: 0.761 | L32: 0.48 | M32: 0 | N32: =SUM(B32:M32) -> 41.651
A33: LOBS/ Lube Oil | B33: 54.036035 | C33: 97.241012 | D33: 11.223464 | E33: 56.937172 | F33: 36.69 | G33: 43.08 | H33: 2.72 | I33: 29.38 | J33: 9.7439501 | K33: 11.229736 | L33: 7.0147022 | M33: 22.158145 | N33: =SUM(B33:M33) -> 381.45422
A34: Fuel Oil | B34: 1826.8559 | C34: 1226.2123 | D34: 1261.6317 | E34: 1724.82 | F34: 1797.8384 | G34: 2500.9927 | H34: 2145.4505 | I34: 1563.88 | J34: 1430.16 | K34: 1808.1938 | L34: 1400.3905 | M34: 1729.0511 | N34: =SUM(B34:M34) -> 20415.477
A35: Bitumen | B35: 11.733589 | C35: 21.548793 | D35: 1.28 | E35: 18.632342 | F35: 25.88 | G35: 22.29 | H35: 47.81 | I35: 32.46 | J35: 31.756877 | K35: 27.701195 | L35: 12.183212 | M35: 27.943157 | N35: =SUM(B35:M35) -> 281.21916
A36: Others% | B36: 818.3497 | C36: 1188.1039 | D36: 1340.0613 | E36: 2264.1075 | F36: 1092.6349 | G36: 1738.2306 | H36: 1434.5846 | I36: 1499.9875 | J36: 1709.8525 | K36: 1217.81 | L36: 1697.175 | M36: 1879.4199 | N36: =SUM(B36:M36) -> 17880.317
A37: TOTALPRODUCT EXPORT | B37: =SUM(B26:B36) -> 22365.496 | C37: =SUM(C26:C36) -> 23369.586 | D37: =SUM(D26:D36) -> 22282.765 | E37: =SUM(E26:E36) -> 23800.887 | F37: =SUM(F26:F36) -> 25209.385 | G37: =SUM(G26:G36) -> 28169.007 | H37: =SUM(H26:H36) -> 32547.533 | I37: =SUM(I26:I36) -> 28868.343 | ... N37: =SUM(N26:N36) -> 320089.59
A38: NET IMPORT | B38: =+B24-B37 -> 52787.603 | C38: =+C24-C37 -> 51044.111 | D38: =+D24-D37 -> 41247.999 | E38: =+E24-E37 -> 39901.988 | F38: =+F24-F37 -> 46128.801 | G38: =+G24-G37 -> 44204.414 | H38: =+H24-H37 -> 42658.464 | I38: =+I24-I37 -> 43326.891 | ... N38: =+N24-N37 -> 533414.74
A39: Source: Oil Companies & DGCIS P= Provisional
A40: Notes:
A41: RIL SEZ imports/exports included in country's import/export data
A42: ^LNG import not included
A43: & Others in import include Petcoke, Paraffin wax, Petroleum Jelly, Aviation Gas, MTBE, Reformate etc.
A44: @ Nepal sales by IOCL, Nepal and Bhutan sales by BPCL are considered in total exports with average Rupee-US$ exchange rate
A45: ! RIL SEZ's MS export includes export of Alkylates
A46: # ATF exports by RIL does not include ATF sales to foreign going airlines
A47: % Others in export include Petcoke/CBFS, Benzene, Hexane, MTO, Sulphur etc.

Sheet PT_IMPORT_VALRS_H 2011-12
E3: Petroleum Planning & Analysis Cell
A6: 2011-12
A7: ('Rs. Crore)
A8: Import/Export of Crude oil and Petroleum Products
A9: IMPORT/EXPORT | B9: APRIL | C9: MAY | D9: JUNE | E9: JULY | F9: AUGUST | G9: SEPTEMBER | H9: OCTOBER | I9: NOVEMBER | J9: DECEMBER | K9: JANUARY | L9: FEBRUARY | M9: MARCH | N9: TOTAL
A10: IMPORTS^
A11: CRUDE OIL | B11: 60453.029 | C11: 49738.421 | D11: 49976.339 | E11: 49793.561 | F11: 50643.589 | G11: 48390.441 | H11: 47834.463 | I11: 60742.333 | J11: 57271.522 | K11: 69998.747 | L11: 58893.911 | M11: 68483.486 | N11: =SUM(B11:M11) -> 672219.84
A12: PRODUCTS
A13: LPG | B13: 1785.8496 | C13: 2177.441 | D13: 2137.0351 | E13: 2041.5745 | F13: 1906.7267 | G13: 2224.6809 | H13: 1952.5965 | I13: 1948.689 | J13: 2170.996 | K13: 2348.6837 | L13: 2704.2208 | M13: 3620.0364 | N13: =SUM(B13:M13) -> 27018.53
A14: MS | B14: 103.43241 | C14: 0 | D14: 1038.6376 | E14: 691.76028 | F14: 546.29069 | G14: 185.96 | H14: 745.40127 | I14: 0 | J14: 0 | K14: 0 | L14: 0 | M14: 0 | N14: =SUM(B14:M14) -> 3311.4823
A15: Naphtha | B15: 808.83191 | C15: 644.7493 | D15: 719.326 | E15: 985.01746 | F15: 521.08723 | G15: 924.19613 | H15: 848.14075 | I15: 1149.2541 | J15: 1159.9836 | K15: 554.8655 | L15: 555.09131 | M15: 956.8931 | N15: =SUM(B15:M15) -> 9827.4364
A16: ATF | B16: 0 | C16: 0 | D16: 0 | E16: 0 | F16: 0 | G16: 0 | H16: 0 | I16: 0 | J16: 0 | K16: 0 | L16: 0 | M16: 0 | N16: =SUM(B16:M16) -> 0
A17: SKO | B17: 634.12199 | C17: 663.84768 | D17: 501.067 | E17: 501.05935 | F17: 410.2622 | G17: 0 | H17: 0 | I17: 0 | J17: 0 | K17: 0 | L17: 0 | M17: 0 | N17: =SUM(B17:M17) -> 2710.3582
A18: HSD | B18: 2463.9831 | C18: 195.33968 | D18: 841.31882 | E18: 1.0963243 | F18: 61.752559 | G18: 7.129882 | H18: 17.846901 | I18: 7.1289446 | J18: 93.021738 | K18: 1017.1271 | L18: 315.22894 | M18: 18.282972 | N18: =SUM(B18:M18) -> 5039.2569
A19: LOBS/ Lube oil | B19: 598.18566 | C19: 532.44174 | D19: 583.71106 | E19: 464.45972 | F19: 811.01854 | G19: 825.07898 | H19: 568.64546 | I19: 988.66062 | J19: 811.33478 | K19: 841.8834 | L19: 609.38278 | M19: 678.82908 | N19: =SUM(B19:M19) -> 8313.6318
A20: Fuel Oil | B20: 318.67204 | C20: 71.806181 | D20: 195.12871 | E20: 469.9382 | F20: 626.62228 | G20: 579.96553 | H20: 197.01427 | I20: 521.58437 | J20: 323.96178 | K20: 30.146762 | L20: 705.02009 | M20: 352.24259 | N20: =SUM(B20:M20) -> 4392.1028
A21: Bitumen | B21: 15.662294 | C21: 22.682559 | D21: 4.181035 | E21: 13.44204 | F21: 2.0986021 | G21: 3.9878675 | H21: 3.5058825 | I21: 12.580877 | J21: 13.874838 | K21: 7.4337785 | L21: 41.473193 | M21: 55.858628 | N21: =SUM(B21:M21) -> 196.7816
A22: Others& | B22: 682.43711 | C22: 716.142 | D22: 754.01388 | E22: 520.38616 | F22: 629.12523 | G22: 497.0417 | H22: 314.64792 | I22: 954.03254 | J22: 466.18174 | K22: 586.25918 | L22: 519.23052 | M22: 642.04433 | N22: =SUM(B22:M22) -> 7281.5423
A23: PRODUCT IMPORT | B23: =SUM(B13:B22) -> 7411.176 | C23: =SUM(C13:C22) -> 5024.4501 | D23: =SUM(D13:D22) -> 6774.4192 | E23: =SUM(E13:E22) -> 5688.7341 | F23: =SUM(F13:F22) -> 5514.984 | G23: =SUM(G13:G22) -> 5248.041 | H23: =SUM(H13:H22) -> 4647.799 | I23: =SUM(I13:I22) -> 5581.9305 | ... N23: =SUM(N13:N22) -> 68091.123
A24: TOTAL IMPORT | B24: =+B23+B11 -> 67864.205 | C24: =+C23+C11 -> 54762.871 | D24: =+D23+D11 -> 56750.758 | E24: =+E23+E11 -> 55482.295 | F24: =+F23+F11 -> 56158.573 | G24: =+G11+G23 -> 53638.482 | H24: =+H11+H23 -> 52482.262 | I24: =+I11+I23 -> 66324.264 | J24: =+J11+J23 -> 62310.876 | K24: =+K11+K23 -> 75385.146 | L24: =+L11+L23 -> 64343.559 | M24: =+M11+M23 -> 74807.673 | N24: =+N11+N23 -> 740310.96
A25: PRODUCT EXPORT
A26: LPG | B26: 68.28 | C26: 83.43 | D26: 74.23 | E26: 63.97 | F26: 49.32 | G26: 83.02 | H26: 78.79 | I26: 83.34 | J26: 79.19 | K26: 64.687 | L26: 105.52 | M26: 113.4 | N26: =SUM(B26:M26) -> 947.177
A27: MS! | B27: 6134.3565 | C27: 6187.9524 | D27: 6216.4194 | E27: 5633.3723 | F27: 5103.1122 | G27: 7017.2525 | H27: 4586.7286 | I27: 5065.9683 | J27: 7383.7443 | K27: 5834.1102 | L27: 5704.5663 | M27: 9114.2345 | N27: =SUM(B27:M27) -> 73981.818
A28: Naphtha | B28: 4031.2978 | C28: 3581.2297 | D28: 3426.7368 | E28: 3948.0693 | F28: 4112.0498 | G28: 3230.1448 | H28: 2802.8993 | I28: 4630.9558 | J28: 3634.6216 | K28: 3557.9416 | L28: 4085.7089 | M28: 4578.0905 | N28: =SUM(B28:M28) -> 45619.746
A29: ATF# | B29: 1425.34 | C29: 1522.9759 | D29: 1949.95 | E29: 1875.35 | F29: 2033.34 | G29: 2115.63 | H29: 2487.1 | I29: 2195.53 | J29: 2092.62 | K29: 1570.279 | L29: 1256.92 | M29: 1331.61 | N29: =SUM(B29:M29) -> 21856.645
A30: SKO | B30: 13.96 | C30: 21.38 | D30: 10.25 | E30: 14.98 | F30: 10.25 | G30: 13.27 | H30: 9.81 | I30: 13.12 | J30: 17.92 | K30: 23.267 | L30: 21.23 | M30: 21.48 | N30: =SUM(B30:M30) -> 190.917
A31: HSD | B31: 7267.6793 | C31: 10182.76 | D31: 7589.082 | E31: 7937.3134 | F31: 8115.2269 | G31: 9178.1021 | H31: 10364.897 | I31: 9416.0036 | J31: 9246.2473 | K31: 7087.0528 | L31: 6473.8631 | M31: 11713.696 | N31: =SUM(B31:M31) -> 104571.92
A32: LDO | B32: 32.33 | C32: 33.616331 | D32: 29.66465 | E32: 32.49295 | F32: 29.10534 | G32: 31.71096 | H32: 33.818928 | I32: 0 | J32: 34.280296 | K32: 0 | L32: 35.030448 | M32: 39.1 | N32: =SUM(B32:M32) -> 331.1499
A33: LOBS/ Lube Oil | B33: 1.3113433 | C33: 2.5906371 | D33: 2.817352 | E33: 2.8927814 | F33: 2.7324061 | G33: 5.9864739 | H33: 2.7516558 | I33: 2.8855567 | J33: 28.332569 | K33: 36.79821 | L33: 67.785231 | M33: 23.888681 | N33: =SUM(B33:M33) -> 180.7729
A34: Fuel Oil | B34: 1186.6191 | C34: 1935.7717 | D34: 1967.4297 | E34: 2284.7891 | F34: 2393.6752 | G34: 2107.0569 | H34: 1939.9796 | I34: 2161.0568 | J34: 2494.7088 | K34: 2730.5909 | L34: 2144.381 | M34: 2230.2077 | N34: =SUM(B34:M34) -> 25576.267
A35: Bitumen | B35: 8.6525989 | C35: 0.73235196 | D35: 7.0497421 | E35: 0 | F35: 0 | G35: 0 | H35: 0 | I35: 0.8683511 | J35: 8.2535352 | K35: 0 | L35: 0.9825816 | M35: 0.2630561 | N35: =SUM(B35:M35) -> 26.802217
A36: Others% | B36: 1428.2 | C36: 1062.2023 | D36: 814.81106 | E36: 1003.04 | F36: 646.22106 | G36: 796.05106 | H36: 958.48419 | I36: 972.93 | J36: 703.11671 | K36: 660 | L36: 1041.0567 | M36: 1274.8986 | N36: =SUM(B36:M36) -> 11361.012
A37: TOTALPRODUCT EXPORT | B37: =SUM(B26:B36) -> 21598.027 | C37: =SUM(C26:C36) -> 24614.642 | D37: =SUM(D26:D36) -> 22088.441 | E37: =SUM(E26:E36) -> 22796.27 | F37: =SUM(F26:F36) -> 22495.033 | G37: =SUM(G26:G36) -> 24578.225 | H37: =SUM(H26:H36) -> 23265.26 | I37: =SUM(I26:I36) -> 24542.658 | ... N37: =SUM(N26:N36) -> 284644.23
A38: NET IMPORT | B38: =+B24-B37 -> 46266.179 | C38: =+C24-C37 -> 30148.23 | D38: =+D24-D37 -> 34662.317 | E38: =+E24-E37 -> 32686.025 | F38: =+F24-F37 -> 33663.54 | G38: =+G24-G37 -> 29060.257 | H38: =+H24-H37 -> 29217.003 | I38: =+I24-I37 -> 41781.605 | ... N38: =+N24-N37 -> 455666.73
A39: Source: Oil Companies & DGCIS P= Provisional
A40: Notes:
A41: RIL SEZ imports/exports included in country's import/export data
A42: ^LNG import not included
A43: & Others in import include Petcoke, Paraffin wax, Petroleum Jelly, Aviation Gas, MTBE, Reformate etc.
A44: @ Nepal sales by IOCL, Nepal and Bhutan sales by BPCL are considered in total exports with average Rupee-US$ exchange rate
A45: ! RIL SEZ's MS export includes export of Alkylates
A46: # ATF exports by RIL does not include ATF sales to foreign going airlines
A47: % Others in export include Petcoke/CBFS, Benzene, Hexane, MTO, Sulphur etc.

Sheet Sheet2
A1: IMPORT
B3: RS. Crores | C3: RS. Crores | D3: RS. Crores | E3: RS. Crores | F3: RS. Crores | G3: RS. Crores | H3: RS. Crores | I3: RS. Crores | J3: RS. Crores | K3: RS. Crores | L3: RS. Crores | M3: RS. Crores | N3: RS. Crores
A5: CRUDE OIL | B5: 60453.029 | C5: 49738.421 | D5: 49976.339 | E5: 49793.561 | F5: 50643.589 | G5: 48390.441 | H5: 47834.463 | I5: 60742.333 | J5: 57271.522 | K5: 69998.747 | L5: 58893.911 | M5: 68483.486 | N5: =SUM(B5:M5) -> 672219.84
A6: PRODUCTS | N6: =SUM(B6:M6) -> 0
A7: LPG | B7: 1785.8496 | C7: 2177.441 | D7: 2137.0351 | E7: 2041.5745 | F7: 1906.7267 | G7: 2224.6809 | H7: 1952.5965 | I7: 1948.689 | J7: 2170.996 | K7: 2348.6837 | L7: 2704.2208 | M7: 3620.0364 | N7: =SUM(B7:M7) -> 27018.53
A8: NAPHTHA/ NGL | B8: 808.83191 | C8: 644.7493 | D8: 719.326 | E8: 985.01746 | F8: 521.08723 | G8: 924.19613 | H8: 848.14075 | I8: 1149.2541 | J8: 1159.9836 | K8: 554.8655 | L8: 555.09131 | M8: 956.8931 | N8: =SUM(B8:M8) -> 9827.4364
A9: MS/ PETROL | B9: 103.43241 | C9: 0 | D9: 1038.6376 | E9: 691.76028 | F9: 546.29069 | G9: 185.96 | H9: 745.40127 | I9: 0 | J9: 0 | K9: 0 | L9: 0 | M9: 0 | N9: =SUM(B9:M9) -> 3311.4823
A10: SKO/ KEROSENE | B10: 634.12199 | C10: 663.84768 | D10: 501.067 | E10: 501.05935 | F10: 410.2622 | G10: 0 | H10: 0 | I10: 0 | J10: 0 | K10: 0 | L10: 0 | M10: 0 | N10: =SUM(B10:M10) -> 2710.3582
A11: HSD/ DIESEL | B11: 2463.9831 | C11: 195.33968 | D11: 841.31882 | E11: 1.0963243 | F11: 61.752559 | G11: 7.129882 | H11: 17.846901 | I11: 7.1289446 | J11: 93.021738 | K11: 1017.1271 | L11: 315.22894 | M11: 18.282972 | N11: =SUM(B11:M11) -> 5039.2569
A12: LOBS/ LUBE OIL | B12: 598.18566 | C12: 532.44174 | D12: 583.71106 | E12: 464.45972 | F12: 811.01854 | G12: 825.07898 | H12: 568.64546 | I12: 988.66062 | J12: 811.33478 | K12: 841.8834 | L12: 609.38278 | M12: 678.82908 | N12: =SUM(B12:M12) -> 8313.6318
A13: FUEL OIL/LSHS | B13: 318.67204 | C13: 71.806181 | D13: 195.12871 | E13: 469.9382 | F13: 626.62228 | G13: 579.96553 | H13: 197.01427 | I13: 521.58437 | J13: 323.96178 | K13: 30.146762 | L13: 705.02009 | M13: 352.24259 | N13: =SUM(B13:M13) -> 4392.1028
A14: BITUMEN | B14: 15.662294 | C14: 22.682559 | D14: 4.181035 | E14: 13.44204 | F14: 2.0986021 | G14: 3.9878675 | H14: 3.5058825 | I14: 12.580877 | J14: 13.874838 | K14: 7.4337785 | L14: 41.473193 | M14: 55.858628 | N14: =SUM(B14:M14) -> 196.7816
A15: OTHERS | B15: 682.43711 | C15: 716.142 | D15: 754.01388 | E15: 520.38616 | F15: 629.12523 | G15: 497.0417 | H15: 314.64792 | I15: 954.03254 | J15: 466.18174 | K15: 586.25918 | L15: 519.23052 | M15: 642.04433 | N15: =SUM(B15:M15) -> 7281.5423
A16: TOTAL PRODUCT IMPORT | B16: 7411.176 | C16: 5024.4501 | D16: 6774.4192 | E16: 5688.7341 | F16: 5514.984 | G16: 5248.041 | H16: 4647.799 | I16: 5581.9305 | J16: 5039.3546 | K16: 5386.3994 | L16: 5449.6477 | M16: 6324.1871 | N16: =SUM(B16:M16) -> 68091.123
A17: TOTAL IMPORT | B17: 67864.205 | C17: 54762.871 | D17: 56750.758 | E17: 55482.295 | F17: 56158.573 | G17: 53638.482 | H17: 52482.262 | I17: 66324.264 | J17: 62310.876 | K17: 75385.146 | L17: 64343.559 | M17: 74807.673 | N17: =SUM(B17:M17) -> 740310.96
N18: =SUM(B18:M18) -> 0
A19: EXPORT | N19: =SUM(B19:M19) -> 0
A20: LPG | B20: 68.28 | C20: 83.43 | D20: 74.23 | E20: 63.97 | F20: 49.32 | G20: 83.02 | H20: 78.79 | I20: 83.34 | J20: 79.19 | K20: 64.687 | L20: 105.52 | M20: 113.4 | N20: =SUM(B20:M20) -> 947.177
A21: NAPHTHA/ NGL | B21: 4031.2978 | C21: 3581.2297 | D21: 3426.7368 | E21: 3948.0693 | F21: 4112.0498 | G21: 3230.1448 | H21: 2802.8993 | I21: 4630.9558 | J21: 3634.6216 | K21: 3557.9416 | L21: 4085.7089 | M21: 4578.0905 | N21: =SUM(B21:M21) -> 45619.746
A22: MS/ PETROL | B22: 6134.3565 | C22: 6187.9524 | D22: 6216.4194 | E22: 5633.3723 | F22: 5103.1122 | G22: 7017.2525 | H22: 4586.7286 | I22: 5065.9683 | J22: 7383.7443 | K22: 5834.1102 | L22: 5704.5663 | M22: 9114.2345 | N22: =SUM(B22:M22) -> 73981.818
A23: ATF | B23: 1425.34 | C23: 1522.9759 | D23: 1949.95 | E23: 1875.35 | F23: 2033.34 | G23: 2115.63 | H23: 2487.1 | I23: 2195.53 | J23: 2092.62 | K23: 1570.279 | L23: 1256.92 | M23: 1331.61 | N23: =SUM(B23:M23) -> 21856.645
A24: HSD/ DIESEL | B24: 7267.6793 | C24: 10182.76 | D24: 7589.082 | E24: 7937.3134 | F24: 8115.2269 | G24: 9178.1021 | H24: 10364.897 | I24: 9416.0036 | J24: 9246.2473 | K24: 7087.0528 | L24: 6473.8631 | M24: 11713.696 | N24: =SUM(B24:M24) -> 104571.92
A25: SKO/ KEROSENE | B25: 13.96 | C25: 21.38 | D25: 10.25 | E25: 14.98 | F25: 10.25 | G25: 13.27 | H25: 9.81 | I25: 13.12 | J25: 17.92 | K25: 23.267 | L25: 21.23 | M25: 21.48 | N25: =SUM(B25:M25) -> 190.917
A26: LDO | B26: 32.33 | C26: 33.616331 | D26: 29.66465 | E26: 32.49295 | F26: 29.10534 | G26: 31.71096 | H26: 33.818928 | I26: 0 | J26: 34.280296 | K26: 0 | L26: 35.030448 | M26: 39.1 | N26: =SUM(B26:M26) -> 331.1499
A27: LOBS/ LUBE OIL | B27: 1.3113433 | C27: 2.5906371 | D27: 2.817352 | E27: 2.8927814 | F27: 2.7324061 | G27: 5.9864739 | H27: 2.7516558 | I27: 2.8855567 | J27: 28.332569 | K27: 36.79821 | L27: 67.785231 | M27: 23.888681 | N27: =SUM(B27:M27) -> 180.7729
A28: FUEL OIL/LSHS | B28: 1186.6191 | C28: 1935.7717 | D28: 1967.4297 | E28: 2284.7891 | F28: 2393.6752 | G28: 2107.0569 | H28: 1939.9796 | I28: 2161.0568 | J28: 2494.7088 | K28: 2730.5909 | L28: 2144.381 | M28: 2230.2077 | N28: =SUM(B28:M28) -> 25576.267
A29: BITUMEN | B29: 8.6525989 | C29: 0.73235196 | D29: 7.0497421 | E29: 0 | F29: 0 | G29: 0 | H29: 0 | I29: 0.8683511 | J29: 8.2535352 | K29: 0 | L29: 0.9825816 | M29: 0.2630561 | N29: =SUM(B29:M29) -> 26.802217
A30: OTHERS | B30: 1428.2 | C30: 1062.2023 | D30: 814.81106 | E30: 1003.04 | F30: 646.22106 | G30: 796.05106 | H30: 958.48419 | I30: 972.93 | J30: 703.11671 | K30: 660 | L30: 1041.0567 | M30: 1273.8986 | N30: =SUM(B30:M30) -> 11360.012
A31: TOTAL PRODUCT EXPORT | B31: 21598.027 | C31: 24614.642 | D31: 22088.441 | E31: 22796.27 | F31: 22495.033 | G31: 24578.225 | H31: 23265.26 | I31: 24542.658 | J31: 25723.035 | K31: 21564.727 | L31: 20937.044 | M31: 30439.869 | N31: =SUM(B31:M31) -> 284643.23
A32: NET IMPORT | B32: 46266.179 | C32: 30148.23 | D32: 34662.317 | E32: 32686.025 | F32: 33663.54 | G32: 29060.257 | H32: 29217.003 | I32: 41781.605 | J32: 36587.841 | K32: 53820.419 | L32: 43406.515 | M32: 44367.804 | N32: =SUM(B32:M32) -> 455667.73

Sheet Sheet3
